Theaters,x_coord,y_coord,color,1903,1904,1905,1906,1907,1908,1909,1910,1911,1912,1913,1914,1915,1916,1917,1918,1919,1920,1921,1922,1923,1924,1925,1926,1927,1928,1929,1930,1931,1932,1933,1934,1935,1936,1937,1938,1939,1940,1941,1942,1943,1944,1945,1946,1947,1948,1949,1950,1951,1952,1953,1954,1955,1956,1957,1958,1959,1960,1961,1962,1963,1964,1965,1966,1967,1968,1969,1970,1971,1972,1973,1974,1975,1976,1977,1978,1979,1980,1981,1982,1983,1984,1985,1986,1987,1988,1989,1990,1991,1992,1993,1994,1995,1996,1997,1998,1999,2000,2001,2002,2003,2004,2005,2006,2007,2008,2009,2010,2011,2012,2013,2014,2015,2016,2017,2018,2019,2020,2021,2022,2023
Hudson Theatre,1,1,0.70,The Marriage of Kitty,The Marriage of Kitty,Man and Superman,Man and Superman,Brewster's Millions,Lady Frederick,Arsene Lupin,Arsene Lupin,Arsene Lupin,Frou-Frou,General John Regan,Lady Windermere's Fan,Alice in Wonderland,Alice in Wonderland,Our Betters,Friendly Enemies,Friendly Enemies,Friendly Enemies,Friendly Enemies,"The Voice From the Minaret, Fedora, So This Is London",So This Is London,The Fake,The Fake,The Noose,The Plough and the Stars,The Plough and the Stars,Hot Chocolates,The Inspector General,The Inspector General,The Show-off,The Show-off,The Show-off, , ,"An Enemy of the People, The Amazing Dr. Clitterhouse",Good Hunting,Lew Leslie's Blackbirds,Love for Love,All Men Are Alike,All Men Are Alike,"Run, Little Chillun, Arsenic and Old Lace",Arsenic and Old Lace,State of the Union,State of the Union,State of the Union,State of the Union,Detective Story,Detective Story, , , , , , , , , ,Toys in the Attic,Toys in the Attic,Ross,Strange Interlude, , , ,How to Be a Jewish Mother,How to Be a Jewish Mother, , , , , , , , , , , , ,Genesis, ,King Sunny Ade and his African Beats, , , , , , , , , , , , , , , , , , , , , , , , , , , , , , , , , ,"Sunday in the Park with George, 1984, The Parisian Woman",Head over Heels,"Burn This, American Utopia", , ,"Plaza Suite, Death of a Salesman","A Doll's House, Just for Us, Merrily We Roll Along"
Lyceum Theatre,1,2,0.54,The Admirable Crichton,David Garrick,A Doll's House,A Doll's House,The Truth,The Truth,"Arsene Lupin, Penelope","The Pillars of Society, The Assumption of Hannele, The Importance of Being Earnest",The Importance of Being Earnest,The Importance of Being Earnest,The Ghost Breaker,The Ghost Breaker,John Gabriel Borkman,John Gabriel Borkman,"The Great Divide, The Case of Lady Camber",The Case of Lady Camber,The Gold Diggers,The Gold Diggers,The Gold Diggers,The Merchant of Venice,The School for Scandal,"Antony and Cleopatra, Ladies of the Evening",Ladies of the Evening,The Sport of Kings,The Sport of Kings,The Sport of Kings,Berkeley Square,Berkeley Square,Anatol,Anatol,Anatol,Anatol,Squaring the Circle,St. Helena,St. Helena,St. Helena,"The Mother, When We Are Married",When We Are Married,Junior Miss,The Doughgirls,The Doughgirls,The Doughgirls,The Doughgirls,Born Yesterday,Born Yesterday,Born Yesterday,Born Yesterday,"The Enchanted, The Country Girl",The Country Girl,"Anna Christie, Time Out For Ginger",Time Out For Ginger,Time Out For Ginger,A Hatful of Rain,A Hatful of Rain,Look Back in Anger,The Gazebo,"The Billy Barnes Revue, Flowering Cherry, Goodbye Charlie","A Taste of Honey, The Importance of Being Oscar, Mandingo",The Caretaker,The Caretaker,"Ages of Man, Nobody Loves an Albatross",Nobody Loves an Albatross,"Entertaining Mr. Sloane, You Can't Take It With You",The School for Scandal,"You Can't Take It With You, The Wild Duck, By George, The Show-off","Exit the King, The Show-off, The Cherry Orchard, The Cocktail Party, The Misanthrope","Cock-a-Doodle Dandy, Hamlet, Three Men on a Horse","Norman, Is That You?, Borstal Boy",The School for Wives,"The Great God Brown, Don Juan",Out Cry,Out Cry,The Lieutenant,"Something's Afoot, Best Friend, Your Arms Too Short to Box with God",Your Arms Too Short to Box with God,Your Arms Too Short to Box with God,Wings,Morning's at Seven,Morning's at Seven,"""Master Harold""...and the Boys",The Man Who Had Three Arms,The Man Who Had Three Arms,As Is,As Is,As Is,Our Town,Our Town,Our Town,Our Town,Our Town,"Saint Joan, Three Men on a Horse, Timon of Athens","The Government Inspector, The Flowering Peach","Gentlemen Prefer Blondes, The School for Scandal",The School for Scandal,"The Gin Game, The Sunshine Boys",The Sunshine Boys,"Night Must Fall, The Lonesome West",The Lonesome West,The Invention of Love,Morning's at Seven,"The Play What I Wrote, I Am My Own Wife",I Am My Own Wife,Steel Magnolias,The Lieutenant of Inishmore,"Inherit the Wind, Is He Dead?","Macbeth, [title of show]","Reasons to Be Pretty, In the Next Room (or The Vibrator Play)","Looped, The Scottsboro Boys",The Scottsboro Boys,Venus in Fur,The Nance,"The Realistic Joneses, Disgraced","The Visit, A View from the Bridge","Fully Committed, Oh, Hello",The Play That Goes Wrong,The Play That Goes Wrong,"Be More Chill, A Christmas Carol",A Christmas Carol,"Is This a Room, Dana H.",A Strange Loop,Grey House
New Amsterdam Theatre,1,3,0.76,"A Midsummer Night's Dream, Whoop-Dee-Doo",The Two Orphans,"She Stoops to Conquer, Richard III",Forty-five Minutes from Broadway,"The Merry Widow, Peer Gynt",Peer Gynt,Peer Gynt,Madame X,"The Pink Lady, Ben-Hur",The Count of Luxembourg,"Oh! Oh! Delphine, Ziegfeld Follies, Sweethearts",Watch Your Step, , , ,The Girl Behind the Gun,The Girl Behind the Gun,Sally,Sally,Sally, , ,Sunny,Sunny,Trelawny of the 'Wells',"Rosalie, Whoopee",Whoopee,Earl Carroll's Vanities,The Band Wagon,Face the Music,"Alice in Wonderland, The Cherry Orchard, Roberta",Revenge with Music,Revenge with Music,George White's Scandals,Othello, , , , , , , , , , , , , , , , , , , , , , , , , , , , , , , , , , , , , , , , , , , , , , , , , , , , , , , , , , , ,"King David, The Lion King",The Lion King,The Lion King,The Lion King,The Lion King,The Lion King,The Lion King,The Lion King,The Lion King,Mary Poppins,Mary Poppins,Mary Poppins,Mary Poppins,Mary Poppins,Mary Poppins,Mary Poppins,Mary Poppins,Aladdin,Aladdin,Aladdin,Aladdin,Aladdin,Aladdin,Aladdin,Aladdin,Aladdin,Aladdin
Belasco Theatre,1,4,0.59, , , , , ,"The Devil, The Warrens of Virginia",The Warrens of Virginia,"Just a Wife, The Concert",The Concert,The Concert,The Concert,The Concert,The Concert,Seven Chances,Polly With a Past,Polly With a Past,Polly With a Past,Polly With a Past,Deburau,Deburau,Deburau,Deburau,Deburau,Lulu Belle,Hit the Deck,Hit the Deck,Hit the Deck,Hit the Deck,Hit the Deck,"The Truth About Blayds, Criminal at Large",Criminal at Large,Criminal at Large,"Awake and Sing!, Waiting for Lefty, Dead End",Dead End,Golden Boy,Rocket to the Moon,Rocket to the Moon,Johnny Belinda,"The Man with Blond Hair, Clash by Night","Nathan the Wise, Magic and Hello Out There!",Dark Eyes,Dark Eyes,"Kiss Them for Me, Home of the Brave","Truckline Cafe, Lysistrata",Sundown Beach,"Me and Molly, The Madwoman of Chaillot",The Madwoman of Chaillot,The Madwoman of Chaillot,The Madwoman of Chaillot,The Madwoman of Chaillot,The Madwoman of Chaillot,The Flowering Peach,Will Success Spoil Rock Hunter?,Fanny,"The First Gentleman, Nude With Violin",Present Laughter,A Raisin in the Sun,All the Way Home,Write Me a Murder,Write Me a Murder,Write Me a Murder,"The Seagull, The Crucible",Inadmissible Evidence,"The Subject Was Roses, The Killing of Sister George",Dr. Cook's Garden,Don't Drink the Water,Does a Tiger Wear a Necktie?,Does a Tiger Wear a Necktie?,Oh! Calcutta!,Oh! Calcutta!,Oh! Calcutta!,Oh! Calcutta!,The Rocky Horror Show,The Rocky Horror Show,American Buffalo,American Buffalo,The Goodbye People,Your Arms Too Short to Box with God,Ain't Misbehavin',Ain't Misbehavin',Marcel Marceau On Broadway,Accidental Death of an Anarchist,Accidental Death of an Anarchist,"Romeo and Juliet, As You Like It, Macbeth",Macbeth,Macbeth,Macbeth,Macbeth,"The Speed of Darkness, The Crucible",The Master Builder,The Master Builder,The Master Builder,Hamlet,Hamlet,A Doll's House,Honour,Ring Round the Moon,James Joyce's The Dead,Follies,Frankie and Johnny in the Clair de Lune,Enchanted April,"Dracula, the Musical",Julius Caesar,Awake and Sing!,Journey's End,"Passing Strange, American Buffalo",Joe Turner's Come and Gone,Women on the Verge of a Nervous Breakdown,Kathy Griffin Wants a Tony,"End of the Rainbow, Golden Boy",Twelfth Night and Richard III,Hedwig and the Angry Inch,Hedwig and the Angry Inch,Blackbird,"The Glass Menagerie, Michael Moore: The Terms of My Surrender, Farinelli and the King",Gettin' the Band Back Together,Network,Girl from the North Country,Girl from the North Country,Ain't No Mo',"Good Night, Oscar, How to Dance in Ohio"
Lunt-Fontanne Theatre,1,5,0.40, , , , , , , ,The Girl in the Train,A Gentleman of Leisure,A Gentleman of Leisure,Mlle. Modiste,Mlle. Modiste,Stop! Look! Listen!,Betty,Betty,"Hitchy-Koo, Ziegfeld Follies",Hitchy-Koo,George White's Scandals,Ziegfeld Follies,"George White's Scandals, The Bunch and Judy","George White's Scandals, Stepping Stones",Stepping Stones,"Aren't We All?, No, No, Nanette",Criss Cross,Criss Cross,Three Cheers,Three Cheers,Three Cheers,The Cat and the Fiddle, , , , , , , , , , , , , , , , , , , , , , , , , , ,"The Visit, Goldilocks","Les Ballets Africains, Much Ado About Nothing, The Sound of Music",The Sound of Music,The Sound of Music,Little Me,Arturo Ui,"Luther, Hamlet, Wiener Blut, Ben Franklin in Paris","Bajour, Skyscraper",Walking Happy,"Marlene Dietric, How Now, Dow Jones","Her First Roman, You Know I Can't Hear You When the Water's Running","Come Summer, Hamlet, La Strada","Look to the Lilies, The Rothschilds",The Rothschilds,"A Funny Thing Happened on the Way to the Forum, Ambassador","6 Rms Riv Vu, The Pajama Game",The Sunshine Boys,Raisin,"Rex, My Fair Lady","Primitive Mysteries, The Shadow Box","Hello, Dolly!, A Broadway Musical","Beatlemania, Peter Pan",Peter Pan,Sophisticated Ladies,Sophisticated Ladies,"Private Lives, The Corn Is Green",The Wiz,The Iceman Cometh,"Uptown... It's Hot!, Smile",Smile,The Gospel at Colonus,The Threepenny Opera,Peter Pan,"Oh, Kay!","Oh, Kay!","Oh, Kay!",The Best Little Whorehouse Goes Public,"Hello, Dolly!","Three Sisters, A Midsummer Night's Dream",Titanic,Titanic,Beauty and the Beast,Beauty and the Beast,Beauty and the Beast,Beauty and the Beast,Beauty and the Beast,Beauty and the Beast,Beauty and the Beast,Beauty and the Beast,Beauty and the Beast,The Little Mermaid,The Little Mermaid,The Addams Family,The Addams Family,"Ghost the Musical, A Christmas Story: The Musical",Motown: The Musical,Motown: The Musical,Finding Neverland,"Frankie Valli and the Four Seasons on Broadway!, Kristin Chenoweth: My Love Letter to Broadway",Charlie and the Chocolate Factory,Summer: The Donna Summer Musical,"Morrissey, Pure Yanni, Mel Brooks on Broadway, Regina Spektor: Live On Broadway, Criss Angel Raw—The Mindfreak Unplugged, Dave Chappelle on Broadway, Manilow Broadway, Tina: The Musical",Tina: The Musical,Tina: The Musical,Tina: The Musical,Sweeney Todd
Winter Garden Theatre,1,6,0.93, , , , , , , , ,"La Belle Paree, Vera Violetta",The Passing Show,The Passing Show,The Passing Show,The Passing Show,"Robinson Crusoe, Jr.",The Passing Show,Sinbad,Monte Cristo Jr.,Broadway Brevities of 1920,The Whirl of New York,Make It Snappy,Greenwich Village Follies,"Greenwich Village Follies, Bombo","Big Boy, Sky High, Artists and Models of 1925",Artists and Models of 1925,"The Circus Princess, A Night in Spain, Artists and Models of 1927",Greenwich Village Follies, , , , , ,"Ziegfeld Follies of 1934, Life Begins at 8:40",At Home Abroad,Ziegfeld Follies of 1936,Hooray for What!,"You Never Know, Hellzapoppin",Hellzapoppin,Hellzapoppin,Sons o' Fun,Sons o' Fun,Ziegfeld Follies of 1943,"Mexican Hayride, Laffing Room Only",Marinka, , ,As the Girls Go, ,"Alive and Kicking, Michael Todd's Peep Show","Make a Wish, Top Banana",My Darlin' Aida,Wonderful Town,Peter Pan,"Plain and Fancy, The Vamp","Tamburlaine The Great, Bus Stop, Shangri-La","Ziegfeld Follies of 1957, West Side Story",West Side Story,"Juno, Saratoga","Once Upon a Mattress, The Unsinkable Molly Brown",The Unsinkable Molly Brown,"All American, Carnival!","The Lady of the Camellias, Tovarich",Funny Girl,Funny Girl,Mame,Mame,Mame,Jimmy!,"Georgy, Purlie",Follies,Much Ado About Nothing,Much Ado About Nothing,"Ulysses in Nighttown, Gypsy",Doctor Jazz,"Pacific Overtures, Fiddler on the Roof",Beatlemania,Beatlemania,"Zoot Suit, Gilda Radner: Live From New York",42nd Street,"The Catherine Wheel, Camelot","Othello, Cats",Cats,Cats,Cats,Cats,Cats,Cats,Cats,Cats,Cats,Cats,Cats,Cats,Cats,Cats,Cats,Cats,Cats,Cats,Mamma Mia!,Mamma Mia!,Mamma Mia!,Mamma Mia!,Mamma Mia!,Mamma Mia!,Mamma Mia!,Mamma Mia!,Mamma Mia!,Mamma Mia!,Mamma Mia!,Mamma Mia!,Mamma Mia!,Rocky the Musical,"Wolf Hall Parts One & Two, School of Rock",School of Rock,School of Rock,School of Rock,Beetlejuice,Beetlejuice, ,The Music Man,Back to the Future: The Musical
Hayes Theater,1,7,0.87, , , , , , , , , ,"The Affairs of Anatol, Snow White and the Seven Dwarfs, Rutherford and Son",The Philanderer,The Truth,The Truth,The Truth,The Truth,A Little Journey,Please Get Married,"Mama's Affair, Beyond the Horizon, He and She, A Midsummer Night's Dream, The First Year",The First Year,The First Year,The First Year,Little Jessie James,The School For Scandal,Two Girls Wanted,Two Girls Wanted,Gods of the Lightning,Let Us Be Gay,London Calling,Mrs Moonlight,Mrs Moonlight,One Sunday Afternoon,The Lady from the Sea,The Lady from the Sea,The Lady from the Sea,Abie's Irish Rose,Abie's Irish Rose,Abie's Irish Rose,Abie's Irish Rose,Twelfth Night, , , , , , , , , , , , , , , , , , , , , , ,"The Dybbuk, The Subject Was Roses", , , , , , , , , , ,Man On The Moon,The Runner Stumbles,"A Party with Betty Comden & Adolph Green, Gemini",Gemini,Gemini,Gemini,Gemini,Torch Song Trilogy,Torch Song Trilogy,Torch Song Trilogy,The News,"Mummenschanz: ""The New Show"", Oh, Coward!",The Nerd,Romance/Romance,"Mandy Patinkin in Concert: ""Dress Casual"", Artist Descending a Staircase","Miss Margarida's Way, Prelude to a Kiss",Prelude to a Kiss,Prelude to a Kiss,Shakespeare For My Father,"The Flying Karamazov Brothers ""Do The Impossible""",Defending the Caveman,Defending the Caveman,The Last Night of Ballyhoo,The Last Night of Ballyhoo,"Night Must Fall, Epic Proportions",Dirty Blonde,"George Gershwin Alone, By Jeeves","The Smell of the Kill, Say Goodnight, Gracie",Golda's Balcony,Golda's Balcony,"Jackie Mason: Freshly Squeezed, Latinologues","Bridge and Tunnel, Kiki & Herb: Alive on Broadway, Jay Johnson: The Two and Only",Xanadu,Slava's Snowshow,The 39 Steps,"Next Fall, Long Story Short",Rock of Ages,Rock of Ages,Rock of Ages,Rock of Ages,Dames at Sea,The Humans,The Humans,"Lobby Hero, Straight White Me, Torch Song","What the Constitution Means to Me, Linda Vista",Grand Horizons,Clyde's,"Take Me Out, Kite Runner, Between Riverside and Crazy","The Thanksgiving Play, The Cottage"
Booth Theatre,1,8,0.47, , , , , , , , , , ,The Great Adventure,The Great Adventure,Our American Cousin,"David Garrick, The Co-Respondent, Getting Married",A Successful Calamity,A Successful Calamity,"The Woman in Room 13, The Better 'Ole, Too Many Husbands","The Purple Mas, The Prince and the Pauper",The Green Goddess,"The Truth About Blayds, Seventh Heaven",Seventh Heaven,"Dancing Mothers, Paolo and Francesca","The Fall of Eve, Hamlet",John Gabriel Borkman,Escape,Escape,Escape,"Uncle Vanya, The Man in Possession","The Bread-Winner, After All, If Love Were All","Jewel Robbery, Another Language","For Services Rendered, Candide","No More Ladies, The Shining Hour, The Distaff Side","Laburnum Grove, Kind Lady","Lady Precious Stream, Swing Your Lady, You Can't Take It with You",You Can't Take It with You,You Can't Take It with You,The Time of Your Life,Two for the Show,"The Cream in the Well, Claudia",Blithe Spirit,The Two Mrs. Carrolls,The Two Mrs. Carrolls,The Two Mrs. Carrolls,"The Would-Be Gentleman, He Who Gets Slapped, Playboy of the Western World","John Loves Mary, Tenting Tonight, Portrait in Black, Duet for Two Hands, An Inspector Calls","The Play's the Thing, The Shop at Sly Corner","Richard III, At War with the Army","Come Back, Little Sheba",Lace on Her Petticoat,An Evening With Beatrice Lillie,Late Love,"Dial M for Murder, All Summer Long",All Summer Long,The Matchmaker,Visit to a Small Planet,Two for the Seesaw,The Tenth Man,The Tenth Man,A Shot in the Dark,A Shot in the Dark,"Rattle of a Simple Man, Spoon River Anthology",Luv,Luv,At the Drop of Another Hat,The Birthday Party,"Avanti!, Leonard Sillman's New Faces of 1968",Butterflies Are Free,Butterflies Are Free,Butterflies Are Free,That Championship Season,That Championship Season,"Bad Habits, Brief Lives",Very Good Eddie,For Colored Girls Who Have Considered Suicide / When the Rainbow Is Enuf,For Colored Girls Who Have Considered Suicide / When the Rainbow Is Enuf,For Colored Girls Who Have Considered Suicide / When the Rainbow Is Enuf,"Monteith and Rand, The Elephant Man",The Elephant Man,"An Evening with Dave Allen, Mass Appeal",Good,American Buffalo,Sunday in the Park with George,I'm Not Rappaport,I'm Not Rappaport,I'm Not Rappaport,"A Walk in the Woods, Michael Feinstein in Concert: ""Isn't It Romantic""","Shirley Valentine, Tru",Once on This Island,Once on This Island,"The Most Happy Fella, Someone Who'll Watch Over Me",The Twilight of the Golds,"Broken Glass, A Tuna Christmas",Having Our Say,Having Our Say,The Old Neighborhood,"An Evening with Jerry Herman, I'm Still Here... Damn It!",Via Dolorosa,The Search for Signs of Intelligent Life in the Universe,Bea Arthur on Broadway,"I'm Not Rappaport, Our Town",The Retreat from Moscow,The Retreat from Moscow,The Pillowman,"Seascape, Faith Healer, Butley","The Year of Magical Thinking, The Seafarer","Thurgood, Dividing the Estate","The Story of My Life, Next to Normal",Next to Normal,"High, Other Desert Cities",Who's Afraid of Virginia Woolf?,"I'll Eat You Last: A Chat with Sue Mengers, The Glass Menagerie",The Elephant Man,Hand to God,"Hughie, An Act of God, Les Liaisons Dangereuses","Significant Other, Meteor Shower",The Boys in the Band,"Gary: A Sequel to Titus Andronicus, Freestyle Love Supreme",Who's Afraid of Virginia Woolf?,Freestyle Love Supreme,"For Colored Girls Who Have Considered Suicide / When the Rainbow Is Enuf, Kimberly Akimbo",Kimberly Akimbo
Longacre Theatre,1,9,0.75, , , , , , , , , , ,Adele,"A Pair of Sixes, Secret Strings",Secret Strings,Secret Strings,Leave It to Jane,Leave It to Jane,"Ghosts, Adam and Eva",Adam and Eva,Nobody's Money,Nobody's Money,"Rose Bernd, Romeo and Juliet, Little Jessie James",Little Jessie James,The Butter and Egg Man,The Butter and Egg Man, , , ,Ritzy, , , ,Wednesday's Child,"Till the Day I Die/Waiting for Lefty, Kind Lady, Paradise Lost",Hedda Gabler,Hedda Gabler,On Borrowed Time,"Wuthering Heights, The Three Sisters, Morning's at Seven","Leave Her to Heaven, Johnny Belinda",Johnny Belinda,Hedda Gabler, , , , , , , , , , , ,"Mademoiselle Colombe, The Burning Glass, The Tender Trap","Tea and Sympathy, The Honeys, The Lark",The Lark,Holiday for Lovers,Holiday for Lovers,An Evening With Yves Montand,An Evening With Yves Montand,"The Rhinoceros, Purlie Victorious",Purlie Victorious,Purlie Victorious,The Sign in Sidney Brustein's Window,The Sign in Sidney Brustein's Window,"Mark Twain Tonight, The Mutilated/The Gnadiges Fraulein, A Hand Is on the Gate, Gilbert Becaud on Broadway",Daphne in Cottage D,Cactus Flower,Cactus Flower,"Candida, Les Blancs",The Me Nobody Knows,The Sign in Sidney Brustein's Window,The Sign in Sidney Brustein's Window,Thieves,The Ritz,"The Belle of Amherst, Checking Out, No Man's Land","The Basic Training of Pavlo Hummel, Jesus Christ Superstar",Ain't Misbehavin',"Faith Healer, Bosoms and Neglect, But Never Jam Today",Children of a Lesser God,Children of a Lesser God,Children of a Lesser God,Passion,Passion,"Harrigan 'N Hart, A Day in the Death of Joe Egg",A Day in the Death of Joe Egg,The Musical Comedy Murders of 1940, , , , , ,Tony Bennett: Steppin' Out on Broadway,Medea,Medea,Medea,The Young Man From Atlanta,Golden Child,Golden Child,Golden Child,"Judgment at Nuremberg, A Thousand Clowns","One Mo' Time, Russell Simmons Def Poetry Jam", , ,Who's Afraid of Virginia Woolf?,Well,Talk Radio,Boeing Boeing,Burn the Floor,La Cage aux Folles,Chinglish,"Magic/Bird, The Performers",First Date the Musical,"Of Mice and Men, You Can't Take It with You",Allegiance,A Bronx Tale,A Bronx Tale,The Prom,The Lightning Thief,The Lightning Thief,Diana,"Macbeth, Leopoldstadt",Leopoldstadt
Shubert Theatre,1,10,0.17, , , , , , , , , , ,Johnston Forbes-Robertson Repertory Company series,To-Night's the Night,Trilby,If I Were King,"Love O' Mike, Eileen, Her Soldier Boy, Maytime","The Copperhead, Sometime",Shakespeare series (three unique productions),"The Blue Flame, Greenwich Village Follies",Greenwich Village Follies,"Greenwich Village Follies, The Hotel Mouse","Blossom Time, Artists and Models",Greenwich Village Follies,"Othello, Sky High, Beggar on Horseback, Princess Ida","Greenwich Village Follies, Countess Maritza","And So To Bed, Harry Delmar's Revels",The Five O'Clock Girl,The Street Singer,"Shakespeare series (nine unique productions), Symphony in Two Flats, The Last Enemy","Peter Ibbetson, Everybody's Welcome",Smiling Faces,Gay Divorce,Dodsworth,"Escape Me Never, Rosmersholm","Love on the Dole, Idiot's Delight","The Masque of Kings, Babes in Arms, Amphitryon 38","The Seagull, I Married an Angel",The Philadelphia Story,"Higher and Higher, Hold On to Your Hats","The Doctor's Dilemma, Pal Joey, Candle in the Wind","The Rivals, Candida, By Jupiter","The Vagabond King, Othello","Catherine Was Great, Bloomer Girl",Bloomer Girl,"Are You with It?, Park Avenue","Sweethearts, Under the Counter, The First Mrs. Fraser, High Button Shoes",Anne of the Thousand Days,"Lend an Ear, I Know My Love","Kiss Me, Kate","Jose Greco Ballet, Paint Your Wagon",The Millionairess,"The Love of Four Colonels, Can-Can",Can-Can,"Gilbert and Sullivan series, Pipe Dream","Will Success Spoil Rock Hunter?, The Pajama Game, Bells Are Ringing",Bells Are Ringing,Whoop-Up,"A Majority of One, Take Me Along",Take Me Along,"Bye Bye Birdie, The Gay Life","I Can Get It for You Wholesale, Stop the World – I Want to Get Off",Here's Love,"Oliver!, Bajour","The Roar of the Greasepaint – The Smell of the Crowd, Inadmissible Evidence","Ivanov, Wait Until Dark, The Apple Tree",The Apple Tree,"Golden Rainbow, Promises, Promises","Promises, Promises","Promises, Promises","Promises, Promises","An Evening with Richard Nixon, The Creation of the World and Other Business","A Little Night Music, The Sunshine Boys",Over Here!,"Seascape, The Constant Wife, A Chorus Line",A Chorus Line,A Chorus Line,A Chorus Line,A Chorus Line,A Chorus Line,A Chorus Line,A Chorus Line,A Chorus Line,A Chorus Line,A Chorus Line,A Chorus Line,A Chorus Line,A Chorus Line,A Chorus Line,Buddy – The Buddy Holly Story,Buddy – The Buddy Holly Story,Crazy for You,Crazy for You,Crazy for You,Crazy for You,"Big, Chicago",Chicago,Chicago,Chicago,Chicago,Chicago,Chicago,Gypsy,Gypsy,"Spamalot, A Wonderful Life",Spamalot,Spamalot,Spamalot,"Blithe Spirit, Memphis",Brigadoon,Camelot,Oliver!,Matilda the Musical,Matilda the Musical,Matilda the Musical,Matilda the Musical,"Hello, Dolly!",To Kill a Mockingbird,To Kill a Mockingbird,To Kill a Mockingbird, ,"POTUS, Some Like It Hot",Some Like It Hot
James Earl Jones Theatre,1,11,0.35, , , , , , , , , , , , ,The Princess Pat,The Princess Pat,The Princess Pat,"Everyman, The Merchant of Venice, As You Like It, Julius Caesar, The Better 'Ole",Abraham Lincoln,Abraham Lincoln,Captain Applejack,Merton of the Movies,Merton of the Movies,"The Assumption of Hannele, The Second Mrs. Tanqueray",The Jazz Singer,The Jazz Singer,The Jazz Singer,The Wrecker,The Wrecker,"Uncle Vanya, Five Star Final",Five Star Final,The Blue Bird,The Green Bay Tree,The Green Bay Tree,"The Bishop Misbehaves, Most of the Game, There's Wisdom in Women",There's Wisdom in Women,Room Service,Room Service,The White Steed,"The Male Animal, Charley's Aunt",Charley's Aunt,"Cafe Crown, I Killed the Count",I Killed the Count,I Killed the Count,I Killed the Count,"The Winter's Tale, Antigone, Candida, Lady Windermere's Fan",Lady Windermere's Fan,"Ghosts, Hedda Gabler, The Happy Journey to Trenton and Camden and The Respectful Prostitute, Make Way for Lucia","Two Blind Mice, The Father",As You Like It,Saint Joan,The Shrike,The Shrike,The Rainmaker,The Diary of Anne Frank,The Diary of Anne Frank,The Diary of Anne Frank,Sunrise at Campobello,Sunrise at Campobello,"Once Upon a Mattress, The Hostage, Advise and Consent","Purlie Victorious, Sunday in New York","The Father, Long Day's Journey into Night, and Miss Julie",One Flew Over the Cuckoo's Nest,One Flew Over the Cuckoo's Nest,"Boeing-Boeing, The Zulu and the Zayda",The Zulu and the Zayda,"Johnny No-Trump, Something Different",Leda Had a Little Swan,"Red, White and Maddox", , , , ,The Magic Show,The Magic Show,The Magic Show,The Magic Show,The Magic Show,King Richard III,Clothes for a Summer Hotel,Clothes for a Summer Hotel,Medea,Medea,"A Moon for the Misbegotten, Ma Rainey's Black Bottom", , , ,Sarafina!,Sarafina!,The Grapes of Wrath,The Grapes of Wrath,The Grapes of Wrath,Face Value,"Twilight: Los Angeles, 1992",The Heiress,The Heiress,An American Daughter,"Freak, The Blue Room",Kat and the Kings,The Green Bird,The Green Bird,Hollywood Arms,"A Year with Frog and Toad, Bobbi Boland",Laugh Whore,On Golden Pond,"Barefoot in the Park, The Little Dog Laughed","Radio Golf, The Homecoming",The 39 Steps,You're Welcome America: A Final Night with George W. Bush,"A View from the Bridge, Fences, Time Stands Still","Born Yesterday, Stick Fly","The Lyons, Grace","Breakfast at Tiffany's, No Man's Land, Waiting for Godot","The Cripple of Inishmaan, This is Our Youth","Fish in the Dark, Sylvia",Bright Star,"Indecent, M. Butterfly",Mike Birbiglia's The New One,"King Lear, Derren Brown: Secret",The Minutes,The Minutes,"Ohio State Murders, The Sign in Sidney Brustein's Window",Gutenberg! The Musical!
Broadhurst Theatre,1,12,0.66, , , , , , , , , , , , , , ,"Misalliance, Lord and Lady Algy","Maytime, The Melting of Molly","39 East, Smilin' Through",Smilin' Through,"Macbeth, The Servant in the House, Tarzan of the Apes",The Faithful Heart,The Dancers,Beggar on Horseback,The Green Hat,Broadway,Broadway,"The Merchant of Venice, Here's Howe, Hold Everything!",June Moon,June Moon,"America's Sweetheart, Hamlet","The Animal Kingdom, The Man Who Changed His Name, The Man Who Reclaimed His Head, Twentieth Century",Men in White,L'Aiglon,"The Petrified Forest, Victoria Regina",Victoria Regina,Madame Bovary,"A Doll's House, The Fabulous Invalid","Dear Octopus, The Hot Mikado, The Streets of Pari","Night Music, Keep Off the Grass",Old Acquaintance,Old Acquaintance,Old Acquaintance,Ten Little Indians,"Lady in Danger, Follow the Girls",Happy Birthday,Happy Birthday,Make Mine Manhattan,Lend an Ear,"The Liar, Detective Story, Burning Bright, An Enemy of the People","Romeo and Juliet, Flahooley, Seventeen",Pal Joey,"The Love of Four Colonels, Spanish theater in repertory", , ,Auntie Mame,Auntie Mame,The World of Suzie Wong,Fiorello!,Fiorello!,Sail Away,"My Fair Lady, Bravo Giovanni, No Strings",110 in the Shade,"Oh, What a Lovely War!","Kelly, Half a Sixpence","Luv, Cabaret",More Stately Mansions,"Weekend, The Only Game in Town, You Know I Can't Hear You When the Water's Running","The Fig Leaves Are Falling, Play It Again, Sam","Cry For Us All, Private Lives, Four on a Garden","70, Girls, 70, Twigs","Vivat! Vivat Regina!, Grease, The Sunshine Boys",Rachael Lily Rosenbloom and Don't You Ever Forget It,"Thieves, Sherlock Holmes",Sherlock Holmes,"A Matter of Gravity, The Heiress, Godspell, A Texas Trilogy, Sly Fox",Sly Fox,Dancin',Dancin',Amadeus,Amadeus,Amadeus,The Tap Dance Kid,Death of a Salesman,The Odd Couple,"Long Day's Journey into Night, The Life and Adventures of Nicholas Nickleby, Broadway Bound",Broadway Bound,Rumors,Rumors,Aspects of Love,Aspects of Love,"Private Lives, A Christmas Carol",Kiss of the Spider Woman,Kiss of the Spider Woman,The Tempest,"Getting Away with Murder, Once Upon a Mattress",Proposals,Proposals,Fosse,Fosse,Fosse,Into the Woods,"Urban Cowboy, Never Gonna Dance",700 Sundays,Lennon,"The History Boys, Les Miserables",Les Miserables,"Cat on a Hot Tin Roof, Equus","Mary Stuart, Hamlet","Enron, The Merchant of Venice","Baby It's You!, Hugh Jackman, Back on Broadway",A Streetcar Named Desire,"Lucky Guy, Mamma Mia!",Mamma Mia!,Misery,"Tuck Everlasting, The Front Page",Anastasia,Anastasia,"Frankie and Johnny in the Clair de Lune, Jagged Little Pill",Jagged Little Pill,Jagged Little Pill,A Beautiful Noise, 
Gerald Schoenfeld Theatre,1,13,0.85, , , , , , , , , , , , , , ,A Successful Calamity,"The Wild Duck, Hedda Gabler, A Doll's House, Redemption, Hamlet, Macbeth",As You Like It,Richard III,Richard III,"The Hairy Ape, The Old Soak",The Potters,What Price Glory?,What Price Glory?,"The Jest, Iolanthe, The Pirates of Penzance",Burlesque,"Machinal, Holiday",Holiday,Rebound,"Once in a Lifetime, Counsellor at Law",Counsellor at Law,Her Master's Voice,"Dark Victory, Accent on Youth",Pride and Prejudice,Pride and Prejudice,Susan and God,"Shadow and Substance, Abe Lincoln in Illinois",Margin for Error,Margin for Error,Margin for Error,The Skin of Our Teeth,The Naked Genius,Chicken Every Sunday,"Ten Little Indians, The Rugged Path","Lute Song, Hidden Horizon, Present Laughter","The Eagle Has Two Heads, Call Me Mister","Happy Birthday, Private Lives",Diamond Lil,The Happy Time,The Happy Time,"Women of Twilight, Don Juan In Hell, Three Wishes for Jamie, Dial M for Murder",Dial M for Murder,The Caine Mutiny Court Martial,"3 for Tonight, Tiger at the Gates, Janus","A Hatful of Rain, The Apple Cart","A Hole in the Head, Romanoff and Juliet",The Marriage-Go-Round,The Marriage-Go-Round,"From A to Z, Irma la Douce",Gideon,Tchin-Tchin,"The Beauty Part, Chips with Everything",Dylan,The Odd Couple,The Star-Spangled Girl,Everything in the Garden,Plaza Suite,Plaza Suite,The Gingerbread Lady,The Gingerbread Lady,Twigs,Twigs,Equus,Equus,Godspell,"Otherwise Engaged, The Merchant","The Water Engine, Eliot Feld Ballet, Runaways",Ain't Misbehavin',Ain't Misbehavin',"Piaf, The Life and Adventures of Nicholas Nickleby",The Life and Adventures of Nicholas Nickleby,"Plenty, You Can't Take It With You",The Real Thing,The Search for Signs of Intelligent Life in the Universe,The House of Blue Leaves,"Pygmalion, Burn This",Burn This,The Heidi Chronicles,The Heidi Chronicles,"The Big Love, Dancing at Lughnasa",Dancing at Lughnasa,The Song of Jacob Zulu,Passion,"Translations, Chronicle of a Death Foretold",A Delicate Balance,Jekyll & Hyde,Jekyll & Hyde,Jekyll & Hyde,Jekyll & Hyde,"Bells Are Ringing, Thou Shalt Not",The Graduate,"Long Day's Journey into Night, Taboo","Match, Brooklyn the Musical",Chita Rivera: The Dancer's Life,"The Caine Mutiny Court-Martial, A Chorus Line",A Chorus Line,All My Sons,"Impressionism, A Steady Rain","A Behanding in Spokane, A Life in the Theatre","The Motherfucker with the Hat, Bonnie & Clyde","The Best Man, Glengarry Glen Ross",Orphans,"The Bridges of Madison County, It's Only a Play","The Audience, China Doll","American Psycho, The Humans",Come from Away,Come from Away,Come from Away,Come from Away,Come from Away,Take Me Out,Life of Pi
American Airlines Theatre,1,14,0.46, , , , , , , , , , , , , , , ,The Crowded Hour,Buddies,"Tickle Me, The Emperor Jones",The Circle,"The Blue Kitten, Partners Again",Battling Buttler,"Charlot Revue, Kid Boots","The Gorilla, Charlot Revue","Castles in the Air, The Constant Nymph",The Royal Family,This Year of Grace,Wake Up and Dream,Three's a Crowd,Three's a Crowd,"Electra, The Great Magoo","Evensong, Walk a Little Faster",Walk a Little Faster, , , , , , , , , , , , , , ,The Respectful Prostitute,Ladies' Night in a Turkish Bath, , , , , , , , , , , , , , , , , , , , , , , , , , , , , , , , , , , , , , , , , , , , , , , , , ,"The Man Who Came to Dinner, Betrayal","Design for Living, Major Barbar, The Women","An Almost Holy Picture, The Man Who Had All the Luck, An Evening with Mario Canton, The Boys from Syracuse","Tartuffe, A Day in the Death of Joe Egg, As Long As We Both Shall Laugh, Big River, The Caretaker","Twentieth Century, After the Fall, Twelve Angry Men","The Constant Wife, A Naked Girl on the Appian Way","The Pajama Game, Heartbreak House","Prelude to a Kiss, Old Acquaintance, Pygmalion","The 39 Steps, Les Liaisons Dangereuses, A Man for All Seasons","Hedda Gabler, The Philanthropist, After Miss Julie","Present Laughter, Everyday Rapture, Mrs. Warren's Profession","The Importance of Being Earnest, Man and Boy","The Road to Mecca, Don't Dress for Dinner, Cyrano de Bergerac","Picnic, The Big Knife, The Winslow Boy","Machinal, Violet, The Real Thing","On the Twentieth Century, Old Times","Noises Off, Long Day's Journey into Night, The Cherry Orchard","The Price, Marvin's Room, Time and the Conways","John Lithgow: Stories by Heart, Travesties, Bernhardt/Hamlet","True West, All My Sons, The Rose Tattoo",A Soldier's Play,Trouble in Mind,"Birthday Candles, 1776","Fat Ham, I Need That"
Stephen Sondheim Theatre,2,1,0.25, , , , , , , , , , , , , , , ,Daddy Long Legs,"La La Lucille, Moonlight and Honeysuckle, The Famous Mrs. Fair",Just Suppose,Just Suppose,The Awful Truth,Romeo and Juliet,L'Aiglon,"The Poor Nut, The Vortex","Raquel Meller, The Play's the Thing",The Baby Cyclone,"Our Betters, Gentlemen of the Press, The Sacred Flame",Journey's End,Journey's End,The Good Fairy,The Late Christopher Bean,The Late Christopher Bean,Personal Appearance,Personal Appearance,The Country Wife,French Without Tears,Our Town,Our Town,"Geneva, Ladies in Retirement",Ladies in Retirement,Flare Path,Flare Path,"Chicken Every Sunda, Dear Ruth",Dear Ruth,Dear Ruth,Maurice Chevalier,Born Yesterday,Born Yesterday,The Cocktail Party,The Moon Is Blue,The Moon Is Blue,"The Trip to Bountiful, Oh, Men! Oh, Women!","The Living Room, Witness for the Prosecution",Witness for the Prosecution,The Reluctant Debutante,"Hotel Paradiso, Under Milk Wood, The Genius and the Goddess, The Country Wife",The Country Wife,"Epitaph for George Dillon, Look After Lulu!, The Nervous Set, The Andersonville Trial",The World of Carl Sandburg,The World of Carl Sandburg,"Under the Yum Yum Tree, The Affair","The Hollow Crown, Enter Laughing",The Sign in Sidney Brustein's Window,The Subject Was Roses,The Subject Was Roses,The Promise,"Before You Go, Portrait of a Queen, The Venetian Twins", , , , , , , , , , , , , , ,The Ritz, , , , , , , , , , , , , , ,Cabaret, , ,Urinetown,Urinetown,Urinetown, , , , , ,Bye Bye Birdie,"All About Me, The Pee-wee Herman Show",Anything Goes,Anything Goes,The Trip to Bountiful,Beautiful: The Carole King Musical,Beautiful: The Carole King Musical,Beautiful: The Carole King Musical,Beautiful: The Carole King Musical,Beautiful: The Carole King Musical,Slava's Snowshow, ,Mrs. Doubtfire,& Juliet,& Juliet
Ambassador Theatre,2,2,0.79, , , , , , , , , , , , , , , , , , ,Blossom Time,Blossom Time,Blossom Time,The Dream Girl,"Candida, The Student Prince",The Great Gatsby,The Racket,"The Outsider, Redemption","Little Accident, Street Scene","The Last Mile, Six Shakespeare plays","Six Shakespeare plays, Death Takes a Holiday, Blossom Time",Blossom Time,"Young Sinners, June Moon",Biography,Night of January 16th,Mulatto,Eight Abbey Theatre plays,You Can't Take It with You,The Straw Hat Revue,The Straw Hat Revue,The Straw Hat Revue,The Straw Hat Revue,The Straw Hat Revue,Ten Gilbert and Sullivan plays,Ten Gilbert and Sullivan plays,Ten Gilbert and Sullivan plays,Ten Gilbert and Sullivan plays,Ten Gilbert and Sullivan plays,Ten Gilbert and Sullivan plays,Ten Gilbert and Sullivan plays,Ten Gilbert and Sullivan plays,Ten Gilbert and Sullivan plays,Ten Gilbert and Sullivan plays,Ten Gilbert and Sullivan plays,Ten Gilbert and Sullivan plays,Ten Gilbert and Sullivan plays,"The Diary of Anne Frank, Compulsion",Back to Methuselah,Back to Methuselah,The 49th Cousin,"The Tenth Man, Blood, Sweat and Stanley Poole","Something About a Soldier, A Passage to India",Stop the World – I Want to Get Off,Stop the World – I Want to Get Off,The World of Charles Aznavour,"The Lion in Winter, The Investigation",You Know I Can't Hear You When the Water's Running,We Bombed in New Haven,Celebration,"The Boy Friend, Paul Sills' Story Theatre",Ain't Supposed to Die a Natural Death,Ain't Supposed to Die a Natural Death,Warp!,Scapino,"We Interrupt This Program..., Me and Bessie",Des Journees Entieres Dans les Arbres,"Godspell, Miss Margarida's Way","Same Time, Next Year, Eubie!",Eubie!,"Your Arms Too Short to Box with God, Dancin'",Dancin',Herman Van Veen: All of Him,A View from the Bridge,A View from the Bridge,Leader of the Pack,Leader of the Pack,"Barbara Cook: A Concert for the Theatre, Dreamgirls",Ain't Misbehavin',The Circle,The Circle,The Circle,The Circle,The Circle,The Circle,Fool Moon,"Bring in 'da Noise, Bring in 'da Funk","Bring in 'da Noise, Bring in 'da Funk","Bring in 'da Noise, Bring in 'da Funk","You're a Good Man, Charlie Brown, It Ain't Nothin' But the Blues",The Ride Down Mt. Morgan,"A Class Act, Hedda Gabler",Topdog/Underdog,Chicago,Chicago,Chicago,Chicago,Chicago,Chicago,Chicago,Chicago,Chicago,Chicago,Chicago,Chicago,Chicago,Chicago,Chicago,Chicago,Chicago,Chicago,Chicago,Chicago,Chicago
Music Box Theatre,2,3,0.78, , , , , , , , , , , , , , , , , , ,Music Box Revue,Music Box Revue,Music Box Revue,Earl Carroll's Vanities,Earl Carroll's Vanities,Chicago,Chicago,Paris,The Little Show,"Topaze, Once in a Lifetime",Of Thee I Sing,Dinner at Eight,As Thousands Cheer,Merrily We Roll Along,"Rain, Ceiling Zero, If This Be Treason, Pride and Prejudice, First Lady",Stage Door,Of Mice and Men,I'd Rather Be Right,"Set to Music, The Man Who Came to Dinner",The Man Who Came to Dinner,The Land Is Bright,"A Kiss for Cinderella, Star and Garter",Star and Garter,"Over 21, I Remember Mama",I Remember Mama,A Flag Is Born,A Flag Is Born,"The Linden Tree, Summer and Smoke","They Knew What They Wanted, Mrs. Gibbons' Boys, Lost in the Stars","Daphne Laureola, Affairs of State",Affairs of State,"Much Ado About Nothing, The Male Animal",Picnic,The Solid Gold Cadillac,Bus Stop,"The Ponder Heart, Separate Tables","Miss Lonelyhearts, The Dark at the Top of the Stairs",The Dark at the Top of the Stairs,"Rashomon, Five Finger Exercise",Five Finger Exercise,"A Far Country, Daughter of Silence",The Beauty Part,Semi-Detached,Any Wednesday,Any Wednesday,Wait Until Dark,"The Homecoming, There's a Girl in My Soup","Lovers, Harkness Ballet",The Watering Place,Sleuth,Sleuth,Sleuth,Veronica's Room,Absurd Person Singular,Absurd Person Singular,"Who's Afraid of Virginia Woolf?, Comedians",Side by Side by Sondheim,Deathtrap,Deathtrap,Deathtrap,Deathtrap,Agnes of God,Agnes of God,Open Admissions,"The Octette Bridge Club, Hay Fever",Loot,"Sweet Sue, Les Liaisons Dangereuses",Les Liaisons Dangereuses,"Welcome to the Club, A Few Good Men",A Few Good Men,A Few Good Men,A Small Family Business,Blood Brothers,Blood Brothers,Swinging on a Star,State Fair,"Barrymore, The Diary of Anne Frank",The Diary of Anne Frank,"Closer, Amadeus","Macbeth, The Dinner Party",The Dinner Party,"Fortune's Fool, Amour",Cat on a Hot Tin Roof,Cat on a Hot Tin Roof,In My Life,"Festen, The Vertical Hour","Deuce, The Farnsworth Invention",August: Osage County,Superior Donuts,"Lend Me a Tenor, La Bête","Jerusalem, Private Lives","One Man, Two Guvnors, Dead Accounts",Pippin,Pippin,"The Heidi Chronicles, King Charles III","Shuffle Along, or, the Making of the Musical Sensation of 1921 and All That Followed, Dear Evan Hansen",Dear Evan Hansen,Dear Evan Hansen,Dear Evan Hansen,Dear Evan Hansen,Dear Evan Hansen,Walking with Ghosts,"Dancin', Purlie Victorious"
Nederlander Theatre,2,4,0.73, , , , , , , , , , , , , , , , , , ,Trilby,The Cat and the Canary,Cyrano de Bergerac,Cyrano de Bergerac,"The Gorilla, Hamlet, The Monkey Talks",The Monkey Talks,The Trial of Mary Dugan,The Trial of Mary Dugan,The Criminal Code,Grand Hotel,Grand Hotel,Grand Hotel,Grand Hotel,Grand Hotel,Seven Keys to Baldpate,"Ethan Frome, The County Chairman, Tonight at 8:30","Red Harvest, Brother Rat","Julius Caesar, The Shoemaker's Holiday",The Little Foxes,"Journey to Jerusalem, The Corn Is Green",Macbeth,Billy the Kid,"The Patriots, What's Up?",The Cherry Orchard,"The Assassin, The Day Before Spring",Call Me Mister,"Anna Lucasta, Medea, Crime and Punishment","Tonight at 8:30, Macbeth, Lend an Ear","The Big Knife, Caesar and Cleopatra",King Lear,"Courtin' Time, The Constant Wife",Candida,"The Bat, Camino Real, Sabrina Fair",Sabrina Fair,Inherit the Wind,Inherit the Wind,The Tunnel of Love,"Winesburg, Ohio, Once More, with Feeling!",Heartbreak House,Dear Liar,Dear Liar,"A Family Affair, Who's Afraid of Virginia Woolf?",Who's Afraid of Virginia Woolf?,Tiny Alice,The Right Honourable Gentleman,"Threepenny Opera, The Rose Tattoo","Mirele Efros, Mother Courage and Her Children","Here's Where I Belong, Soldiers, Box & Quotations from Chairman Mao Tse-tung, The Death of Bessie Smith & The American Dream, Krapp's Last Tape & The Zoo Story, Happy Days, The Resistible Rise of Arturo Ui",Private Lives,Private Lives,"A Midsummer Night's Dream, Old Times","The Country Girl, Purlie","The Three Sisters, The Beggar's Opera, Measure for Measure, Scapin",Jumpers, , , , ,Whose Life Is It Anyway?,"Betrayal, One Night Stand",Lena Horne: The Lady and Her Music,84 Charing Cross Road,"Teaneck Tanzi: The Venus Flytrap, Amen Corner",Amen Corner,Strange Interlude,"Robert Klein on Broadway, Raggedy Ann", , , , ,Our Country's Good, , , , ,Rent,Rent,Rent,Rent,Rent,Rent,Rent,Rent,Rent,Rent,Rent,Rent,Rent,"Guys and Dolls, Brighton Beach Memoirs",Million Dollar Quartet,Million Dollar Quartet,Newsies,Newsies,Newsies,"Honeymoon in Vegas, Amazing Grace","Disaster!, Motown: The Musical",War Paint,Pretty Woman: The Musical,"Kristin Chenoweth: For The Girls, Harry Connick, Jr.: A Celebration of Cole Porter", ,The Lehman Trilogy,"Mr. Saturday Night, A Christmas Carol",Shucked
Walter Kerr Theatre,2,5,0.84, , , , , , , , , , , , , , , , , , ,"The Bad Man, Bluebeard's Eighth Wife",It Is the Law,"The Humming Bird, The Sporting Thing To Do, The Enchanted Cottage",Outward Bound,A Kiss in a Taxi,A Kiss in a Taxi,The Legend of Leonora,The Legend of Leonora,Soldiers and Women,Soldiers and Women,"Alison's House, Two Seconds",Two Seconds,Before Morning,Before Morning,Abide with Me,Abide with Me,As You Like It,"Time and the Conways, Murder in the Cathedral",Murder in the Cathedral,Murder in the Cathedral,Murder in the Cathedral,My Sister Eileen,Tobacco Road, , , , , , , , , , , , , , , , , , , , , , , , , , , ,"Soon, Dance of Death",Children! Children!,"No Sex Please, We're British", , , , , , , , , ,The Flying Karamazov Brothers,Acting Shakespeare, , , ,Penn & Teller,Chu Chem,The Piano Lesson,I Hate Hamlet,Two Trains Running,Angels in America,Angels in America,Love! Valour! Compassion!,"Patti LuPone on Broadway, Seven Guitars, Present Laughter",Present Laughter,The Beauty Queen of Leenane,"The Weir, Waiting in the Wings","A Moon for the Misbegotten, Proof",Proof,Proof,Take Me Out,Gem of the Ocean,Doubt: A Parable,Grey Gardens,A Bronx Tale,"A Catered Affair, The Seagull","Irena's Vow, A Little Night Music",A Little Night Music,"The House of Blue Leaves, Lysistrata Jones","Clybourne Park, The Heiress","The Testament of Mary, A Gentleman's Guide to Love and Murder",A Gentleman's Guide to Love and Murder,A Gentleman's Guide to Love and Murder,"The Crucible, Falsettos","Amelie, Springsteen on Broadway",Springsteen on Broadway,Hadestown,Hadestown,Hadestown,Hadestown,Hadestown
Imperial Theatre,2,6,0.48, , , , , , , , , , , , , , , , , , , , ,Mary Jane McKane,Rose-Marie,Rose-Marie,"Oh, Kay!",The Desert Song,The New Moon,The New Moon,"Princess Charming, Babes in Toyland",Babes in Toyland,Flying Colors,"Of Thee I Sing, Let 'Em Eat Cake",Say When,"Panic, Jubilee","On Your Toes, Hamlet",Between the Devil,"You Can't Take It with You, Leave It to Me!",Too Many Girls,Louisiana Purchase,Let's Face It!,Let's Face It!,"One Touch of Venus, Ziegfeld Follies",Song of Norway,Song of Norway,Annie Get Your Gun,Annie Get Your Gun,Annie Get Your Gun,Miss Liberty,"Peter Pan, Call Me Madam",Call Me Madam,Wish You Were Here,John Murray Anderson's Almanac,By the Beautiful Sea,Silk Stockings,The Most Happy Fella,Jamaica,Jamaica,Destry Rides Again,Gypsy,Carnival!,Carnival!,Oliver!,Fiddler on the Roof,Fiddler on the Roof,Fiddler on the Roof,Cabaret,Zorba,A Patriot for Me,"Minnie's Boys, Two by Two",On the Town,"Lost in the Stars, Pippin",Pippin,Pippin,Pippin,Pippin,"Mark Twain Tonight!, Anna Christie, Chapter Two",Chapter Two,They're Playing Our Song,They're Playing Our Song,Dreamgirls,Dreamgirls,Dreamgirls,Dreamgirls,The Mystery of Edwin Drood,The Mystery of Edwin Drood,Cabaret,Chess,Jerome Robbins' Broadway,Les Miserables,Les Miserables,Les Miserables,Les Miserables,Les Miserables,Les Miserables,Les Miserables,Les Miserables,Les Miserables,Les Miserables,Les Miserables,Les Miserables,Les Miserables,The Boy from Oz,The Boy from Oz,Dirty Rotten Scoundrels,High Fidelity,"Coram Boy, August: Osage County",Billy Elliot the Musical,Billy Elliot the Musical,Billy Elliot the Musical,Billy Elliot the Musical,Nice Work If You Can Get It,700 Sundays,Les Miserables,Les Miserables,"Natasha, Pierre & The Great Comet of 1812","Natasha, Pierre & The Great Comet of 1812","Carousel, Ruben & Clay's First Annual Christmas Carol Family Fun Pageant Spectacular Reunion Show",Ain't Too Proud,Ain't Too Proud,Ain't Too Proud,Ain't Too Proud,Bad Cinderella
Al Hirschfeld Theatre,2,7,0.63, , , , , , , , , , , , , , , , , , , , , ,Madame Pompadour,Captain Jinks,The Shanghai Gesture,The Shannons of Broadway,"Night Hostess, Wings Over Europe","Dynamo, Porgy",The Apple Cart,"The House of Connelly, Reunion in Vienna",Reunion in Vienna,The Lake,"Yellow Jack, Gilbert and Sullivan Series, Romeo and Juliet","The Barretts of Wimpole Street, Flowers of the Forest, Winterset, Romeo and Juliet","Saint Joan, Gilbert and Sullivan Series","High Tor, Barchester Towers","How to Get Tough About It, Victoria Regina","Gilbert and Sullivan Series, The Devil and Daniel Webster, Ladies and Gentlemen",Cabin in the Sky,Watch on the Rhine,"The Moon Is Down, My Sister Eileen","The Corn Is Green, A Connecticut Yankee",Jacobowsky and the Colonel,On the Town,"Jeb, St. Louis Woman, The Iceman Cometh","Barefoot Boy with Cheek, The Voice of the Turtle, Antony and Cleopatra","You Never Can Tell, Sally, Edward, My Son","Goodbye, My Fancy","The Curious Savage, Ring Round the Moon",The Rose Tattoo,"Mrs. McThing, The Grass Harp","The Crucible, The Teahouse of the August Moon",The Teahouse of the August Moon,The Teahouse of the August Moon,"Mister Johnson, Major Barbara, Candide",Orpheus Descending,"The Tunnel of Love, Who Was That Lady I Saw You With?, Maria Golovin, Say, Darling","Les Ballets Africain, Sweet Bird of Youth",Bye Bye Birdie,"The Happiest Girl in the World, Milk and Honey",Milk and Honey,"Mother Courage and Her Children, Strange Interlude, The Ballad of the Sad Cafe","Cafe Crown, The Physicists, I Had a Ball","Oliver!, Drat! The Cat!, Baker Street, Marat/Sade",A Delicate Balance,"Hallelujah, Baby!",Man of La Mancha,Man of La Mancha,Man of La Mancha,Man of La Mancha,Man of La Mancha,Man of La Mancha,Man of La Mancha,Habeas Corpus,Habeas Corpus,"Happy End, Dracula",Dracula,Dracula,Onward Victoria,"Bring Back Birdie, The Little Foxes, The First","Come Back to the Five and Dime Jimmy Dean, Jimmy Dean",All's Well That Ends Well,The Rink,Take Me Along,Take Me Along,Into the Woods,Into the Woods,Grand Hotel,Grand Hotel,Grand Hotel,Guys and Dolls,Guys and Dolls,Guys and Dolls,Moon Over Buffalo,"David Copperfield, Dreams and Nightmares","Annie, The Cherry Orchard, Eugene Onegin",The Sound of Music,"Kiss Me, Kate","Kiss Me, Kate","Kiss Me, Kate","Sweet Smell of Success, Man of La Mancha",Wonderful Town,Wonderful Town,Sweet Charity,The Wedding Singer,Curtains,A Tale of Two Cities,Hair,Elf the Musical,How to Succeed in Business Without Really Trying,"Fela!, Elf the Musical",Kinky Boots,Kinky Boots,Kinky Boots,Kinky Boots,Kinky Boots,Kinky Boots,Moulin Rouge!,Moulin Rouge!,Moulin Rouge!,Moulin Rouge!,Moulin Rouge!
August Wilson Theatre,2,8,0.67, , , , , , , , , , , , , , , , , , , , , , ,"Caesar and Cleopatra, Arms and the Man","Little Eyolf, Juarez and Maximilian, Pygmalion","Porgy, The Doctor's Dilemma","Volpone, Major Barbara",Major Barbara,"A Month in the Country, The Garrick Gaieties, Elizabeth the Queen","Green Grow the Lilacs, Getting Married, The Way of the World, Mourning Becomes Electra","Too True to Be Good, The Good Earth, Biography","Both Your Houses, Ah, Wilderness!","A Sleeping Clergyman, Valley Forge","The Simpleton of the Unexpected Isles, Parade, The Taming of the Shrew",The Taming of the Shrew,The Taming of the Shrew,"I Have Been Here Before, The Merchant of Yonkers","Jeremiah, My Heart's in the Highlands",The Time of Your Life,"Ah, Wilderness!","Mr. Sycamore, The Russian People", , , , , , , ,Twentieth Century,"The House of Bernarda Alba, Peer Gynt, Mary Rose, The School for Wives, Night Music, Getting Married","Desire Under the Elms, Angna Enters, Golden Boy, Mrs. McThing",Mrs. McThing,Mrs. McThing,"The Dark Is Light Enough, The Skin of Our Teeth, A Day by the Sea",A Day by the Sea,A Day by the Sea,"Say, Darling, J.B.",The Fighting Cock,A Thurber Carnival,"The Conquering Hero, Big Fish, Little Fish, Jerome Robbins' Ballet: U.S.A., A Man for All Seasons",A Man for All Seasons,A Man for All Seasons,"Blues for Mister Charlie, Traveller Without Luggage, The Owl and the Pussycat",The Royal Hunt of the Sun,Manuela Vargas,"The Imaginary Invalid, A Touch of the Poe, Tonight at 8.30, Song of the Grasshopper, The Trial of Lee Harvey Oswald, Spofford",Maggie Flynn,"A Teaspoon Every Four Hours, Tiny Alice, A Flea in Her Ear, The Three Sisters, King Henry V, Our Town, No Place to Be Somebody","National Theatre of the Deaf, Harvey, The Cherry Orchard, Othello, Amahl and the Night Visitors/Help, Help, the Globolinks!",Purlie,"Different Times, The Last of Mrs. Lincoln",The Last of Mrs. Lincoln,Cat on a Hot Tin Roof,"A Letter for Queen Victoria, Summer Brave",Bubbling Brown Sugar,Bubbling Brown Sugar,First Monday in October,"Whoopee!, Night and Day",The Suicide,"Copperfield, Annie",Alice in Wonderland,On Your Toes,On Your Toes,On Your Toes,"Execution of Justice, Wild Honey",The Mikado,Carrie,"Run for Your Wife, Shenandoah, City of Angels",City of Angels,City of Angels,Jelly's Last Jam,My Fair Lady,My Fair Lady,Smokey Joe's Cafe,Smokey Joe's Cafe,Smokey Joe's Cafe,Smokey Joe's Cafe,Smokey Joe's Cafe,"The Wild Party, Gore Vidal's The Best Man",King Hedley II,"The Crucible, Flower Drum Song","Bill Maher: Victory Begins At Home, Little Shop of Horrors",Little Shop of Horrors,"Little Women, Jersey Boys",Jersey Boys,Jersey Boys,Jersey Boys,Jersey Boys,Jersey Boys,Jersey Boys,Jersey Boys,Jersey Boys,Jersey Boys,Jersey Boys,Jersey Boys,"Groundhog Day, Home for the Holidays",Mean Girls,Mean Girls,Mean Girls,"Pass Over, Slave Play",Funny Girl,Funny Girl
Richard Rodgers Theatre,2,9,0.50, , , , , , , , , , , , , , , , , , , , , , ,"Is Zat So?, Greenwich Village Follies",Is Zat So?,Good News,Good News,Follow Thru,Sweet and Low,You Said It,"Of Thee I Sing, Autumn Crocus",Counsellor at Law,The Farmer Takes a Wife,Anything Goes,Anything Goes,Anything Goes,"Right This Way, Hellzapoppin","Knickerbocker Holiday, DuBarry Was a Lady",Panama Hattie,Junior Miss,Beat the Band,Sons o' Fun,One Touch of Venus,"Dark of the Moon, The Red Mill",The Red Mill,Finian's Rainbow,Love Life,Love Life,Guys and Dolls,Guys and Dolls,Guys and Dolls,Guys and Dolls,"Ondine, On Your Toes, The Bad Seed",Damn Yankees,Damn Yankees,New Girl in Town,Ages of Man,Redhead,"Christine, Finian's Rainbow, Tenderloin","Donnybrook!, How to Succeed in Business Without Really Trying",How to Succeed in Business Without Really Trying,How to Succeed in Business Without Really Trying,How to Succeed in Business Without Really Trying,"Do I Hear a Waltz?, Pickwick",I Do! I Do!,I Do! I Do!,The Price,1776,1776,"No, No, Nanette","No, No, Nanette","The Women, Raisin",Raisin,"Private Lives, Chicago",Chicago,Chicago,"Working, The Best Little Whorehouse in Texas",The Best Little Whorehouse in Texas,The Best Little Whorehouse in Texas,The Best Little Whorehouse in Texas,Nine,Nine,Nine,Brighton Beach Memoirs,Arsenic and Old Lace,Fences,Fences,"Born Yesterday, The Merchant of Venice","Oh, Kay!",Lost in Yonkers,Lost in Yonkers,"Fool Moon, Laughter on the 23rd Floor",A Christmas Carol,How to Succeed in Business Without Really Trying,Chicago,"Steel Pier, Side Show",Footloose,Footloose,Seussical,45 Seconds from Broadway,"Private Live, Movin' Out",Movin' Out,Movin' Out,Movin' Out,Tarzan,Cyrano de Bergerac,In The Heights,In The Heights,In The Heights,Bengal Tiger at the Baghdad Zoo,"Porgy and Bess, Lewis Black: Running on Empty, Cat on a Hot Tin Roof","The Rascals: Once Upon a Dream, Romeo and Juliet",If/Then,Hamilton,Hamilton,Hamilton,Hamilton,Hamilton,Hamilton,Hamilton,Hamilton,Hamilton
Eugene O'Neill Theatre,2,10,1.00, , , , , , , , , , , , , , , , , , , , , , , ,The Woman Disputed,Women Go on Forever,Women Go on Forever,Abraham Lincoln,On the Spot,Lean Harvest,The Good Fairy,As Husbands Go,Tobacco Road,Tobacco Road,Tobacco Road,Tobacco Road,Tobacco Road,Tobacco Road,Tobacco Road,Tobacco Road,"Tobacco Road, Three Men on a Horse, Claudia","King Richard III, Bright Lights of 1944",The Man Who Had All the Luck,Dream Girl,Dream Girl,"All My Sons, Angel in the Wings",Angel in the Wings,"Diamond Lil, The Browning Version/Harlequinade","Tickets, Please!, Hilda Crane","Not for Children, The Autumn Garden","Jane, The Children's Hour","The Little Hut, The Remarkable Mr. Pennypacker","All Summer Long, Quadrille","The Bad Seed, A Memory of Two Mondays/A View from the Bridge","The Sleeping Prince, Saint Joan",The Waltz of the Toreadors,"Summer of the Seventeenth Doll, The Disenchanted",The Great God Brown,The Hostage,"Let It Ride, Ross",A Thousand Clowns,She Loves Me,Something More!,Something More!,The Odd Couple,The Freaking Out of Stephanie Blake,Rosencrantz and Guildenstern Are Dead,"Canterbury Tales, Last of the Red Hot Lovers",Last of the Red Hot Lovers,The Prisoner of Second Avenue,The Prisoner of Second Avenue,The Good Doctor,God's Favorite,Yentl,California Suite,Your Arms Too Short to Box with God,Your Arms Too Short to Box with God,Chapter Two,I Ought to Be in Pictures,"Fools, Annie","Little Me, The Best Little Whorehouse in Texas","Moose Murders, The Glass Menagerie",The Glass Menagerie,Big River,Big River,Tom Waits in Concert on Broadway,M. Butterfly,M. Butterfly,Cat on a Hot Tin Roof,"La Bête, Penn & Teller: The Refrigerator Tour, A Christmas Carol",Five Guys Named Moe,Five Guys Named Moe,Grease,Grease,Grease,Grease,The Herbal Bed,Death of a Salesman,"Waiting in the Wings, The Full Monty",The Full Monty,The Full Monty,Nine,"Caroline, or Change","Good Vibrations, Sweeney Todd",Spring Awakening,Spring Awakening,Spring Awakening,"33 Variations, Fela!",Fela!,"8, The Book of Mormon",The Book of Mormon,The Book of Mormon,The Book of Mormon,The Book of Mormon,The Book of Mormon,The Book of Mormon,The Book of Mormon,The Book of Mormon,The Book of Mormon,The Book of Mormon,The Book of Mormon,The Book of Mormon
Lena Horne Theatre,2,11,0.95, , , , , , , , , , , , , , , , , , , , , , , ,"Beyond the Horizon, The Dybbuk",Ghosts,"Present Arm, Chee-Chee",Chee-Chee,The Green Pastures,The House of Connelly,Shuffle Along,Shuffle Along,Page Miss Glory,Page Miss Glory,Black Limelight,"Sea Legs, Antony and Cleopatra",Antony and Cleopatra,"What a Life, Thunder Rock","Juno and the Paycock, Meet the People",As You Like It,As You Like It,As You Like It,Anna Lucasta,Anna Lucasta,Anna Lucasta,The Cradle Will Rock,"John Bull's Other Island, Red Gloves",Lend an Ear, , , , , , , , , , , ,Come Blow Your Horn,Come Blow Your Horn,"Phedre, Berenice, Man and Boy","The Milk Train Doesn't Stop Here Anymore, The Deputy",The Glass Menagerie,The Glass Menagerie,"Love in E-Flat, A Minor Adjustment, Halfway Up the Tree","A Day in the Death of Joe Egg, Lovers and Other Strangers",Indians,"Paris Is Out!, Charley's Aunt, Not Now, Darling",Lenny,Lysistrata,The River Niger,"My Fat Friend, Of Mice and Men","Same Time, Next Year","Same Time, Next Year","Same Time, Next Year",Tribute,Bedroom Farce,Talley's Folly,"Lolita, The Dresser","Beyond Therapy, Ghosts, Steaming","K2, Edmund Kean, Noises Off",Noises Off,"Aren't We All?, Benefactors","Rowan Atkinson at the Atkinson, Jackie Mason's The World According to Me!",Jackie Mason's The World According to Me!,Jackie Mason's The World According to Me!,"Cafe Crown, The Victor Borge Holiday Show on Broadway, Peter, Paul & Mary ""A Holiday Celebration"", Stephanie Mills Comes ""Home"" to Broadway","The Cemetery Club, Shadowlands",Shadowlands,Death and the Maiden,"Redwood Curtain, She Loves Me",She Loves Me,She Loves Me,"Buried Child, Taking Sides",Play On!,"Wait Until Dark, Fool Moon","The Iceman Cometh, The Rainmaker","Uncle Vanya, Jane Eyre",Noises Off,Medea,The Look of Love,"Jumpers, Democracy","Mark Twain Tonight!, The Odd Couple",The Times They Are a-Changin',"A Moon for the Misbegotten, Grease",Grease,Rock of Ages,Rock of Ages,"Rain: A Tribute to the Beatles, Relatively Speaking",Peter and the Starcatcher,"Hands on a Hardbody, After Midnight",Love Letters,"It Shoulda Been You, Spring Awakening",Waitress,Waitress,Waitress,Waitress,Waitress,Six,Six,Six
Samuel J. Friedman Theatre,2,12,0.36, , , , , , , , , , , , , , , , , , , , , , , ,"Loose Ankles, Old Bill, M.P.",The Marquise,Pleasure Man,The Nut Farm,The Nut Farm,The Nut Farm,Carry Nation,The Family Upstairs,The Family Upstairs,The Family Upstairs,"Triple-A Plowed Under, Brother Rat",Brother Rat,What a Life,See My Lawyer,"The Unconquered, Jupiter Laughs, My Sister Eileen",My Sister Eileen,My Sister Eileen,Kiss and Tell,Kiss and Tell,Kiss and Tell,No Exit,The Heiress,The Silver Whistle,The Silver Whistle,The Silver Whistle,Billy Budd, , , , , , , , , ,"Take Her, She's Mine","Take Her, She's Mine","Andorra, Barefoot in the Park",Barefoot in the Park,Barefoot in the Park,Barefoot in the Park,The Ninety Day Mistress,"Staircase, Loot, Hair",Hair,Hair,Hair,Hair, , , ,"Knock Knock, The Robber Bridegroom",Hair,The Effect of Gamma Rays on Man-in-the-Moon Marigolds,The Effect of Gamma Rays on Man-in-the-Moon Marigolds,"Nuts, The American Clock",A Talent for Murder,"Deathtrap, Whodunnit",Doonesbury, , , , , , , , , , , , , , , , , , , ,The Violet Hour,"Sight Unseen, Reckless","Brooklyn Boy, After the Night and the Music, Absurd Person Singular","Rabbit Hole, Shining City","Translations, LoveMusik, Mauritius","Come Back, Little Sheba, Top Girls, To Be or Not To Be","The American Plan, Accent on Youth, The Royal Family","Time Stands Still, Collected Stories, The Pitmen Painters","Good People, Master Class, Venus in Fur","Wit, The Columnist, An Enemy of the People","The Other Place, The Assembled Parties, The Snow Geese","Outside Mullingar, Casa Valentina, The Country House","Constellations, Airline Highway, Fool for Love","Our Mother's Brief Affair, The Father, Heisenberg","Jitney, The Little Foxes, Prince of Broadway, The Children","Saint Joan, The Nap","Choir Boy, Ink, The Height of the Storm",My Name Is Lucy Barton,Lackawanna Blues,"Skeleton Crew, How I Learned to Drive, Cost of Living, The Collaboration","Summer, 1976, Jaja's African Hair Braiding"
Bernard B. Jacobs Theatre,2,13,0.04, , , , , , , , , , , , , , , , , , , , , , , , ,"Rang Tang, The Mikado, Iolanthe, The Pirates of Penzance",Diamond Lil,Diamond Lil,"Second Little Show, Lew Leslie's Blackbirds","Dracula, Hamlet, Julius Caesar, The Merchant of Venice","Hamlet, Julius Caesar, The Merchant of Venice",Both Your Houses,Small Miracle,Small Miracle,"Mulatto, Star Spangled, Ghosts",Ghosts,Ghosts,Ghosts,Du Barry Was a Lady,The Corn Is Green,The Flowers of Virtue,The World's Full of Girls,"Ramshackle Inn, Catherine Was Great",Strange Fruit,"The Glass Menagerie, The Front Page","The Importance of Being Earnest, Love for Love, Medea",Medea,The Madwoman of Chaillot,"The Devil's Disciple, Affairs of State, The Lady's Not for Burning",The Lady's Not for Burning,"One Bright Day, New Faces of 1952",New Faces of 1952,"The Immoralist, Sabrina Fair, The Boy Friend",The Matchmaker,The Matchmaker,Miss Isobel,"The Entertainer, La Plume de Ma Tante",La Plume de Ma Tante,Becket,The Night of the Iguana,The Night of the Iguana,The Night of the Iguana,"The Subject Was Roses, A Severed Head, Hughie","All in Good Time, And Things That Go Bump in the Night, The Owl and the Pussycat, Cactus Flower",Cactus Flower,Cactus Flower,Cactus Flower,Cactus Flower,Child's Play,"How the Other Half Loves, The Incomparable Max","Moonchildren, Jacques Brel is Alive and Well and Living in Paris, Grease",Grease,Grease,Grease,Grease,Grease,Grease,Grease,"Whose Life is it Anyway?, A Day in Hollywood / A Night in the Ukraine",A Day in Hollywood / A Night in the Ukraine,Joseph and the Amazing Technicolor Dreamcoat,You Can't Take It with You,The Human Comedy,"Pack of Lies, Song and Dance",Song and Dance,"Sweet Sue, Broadway, Roza","Serious Money, Speed-the-Plow",Lend Me a Tenor,Lend Me a Tenor,Lend Me a Tenor,Conversations with My Father,The Kentucky Cycle,An Inspector Calls,An Inspector Calls,"Inherit the Wind, Skylight",Triumph of Love,Art',The Price,Copenhagen,One Flew Over the Cuckoo's Nest,The Elephant Man,"Ma Rainey's Black Bottom, ""Master Harold""...and the Boys, Anna in the Tropics","A Raisin in the Sun, 'night, Mother",Glengarry Glen Ross,"Three Days of Rain, Martin Short: Fame Becomes Me","Frost/Nixon, Rock 'n' Roll","The Country Girl, 13",God of Carnage,Bloody Bloody Andrew Jackson,"That Championship Season, The Mountaintop",Once,Once,Once,"It's Only a Play, The Color Purple",The Color Purple,Bandstand,The Ferryman,Betrayal,Betrayal,Company,Almost Famous,Parade
John Golden Theatre,2,14,0.21, , , , , , , , , , , , , , , , , , , , , , , , ,Patience,Patience,Rope's End,Rope's End,"The Venetian, Louder, Please","Louder, Please",Tobacco Road,Tobacco Road,Eden End,Eden End,Eden End,"Shadow and Substance, Lightnin'",The White Steed,The White Steed,Angel Street,Angel Street,Angel Street, , , , ,Maurice Chevalier in an evening of Songs and Impressions,"Goodbye, My Fancy",Let's Make an Opera,"The Green Bay Tree, To Dorothy, A Son",The Fourposter,Comedy in Music,Comedy in Music,Comedy in Music,"Someone Waiting, Waiting for Godot",The Potting Shed,"Look Back in Anger, Epitaph for George Dillon, A Party with Betty Comden and Adolph Green","Requiem for a Nun, The Billy Barnes Revue, At the Drop of a Hat",An Evening With Mike Nichols and Elaine May,An Evening with Yves Montand,"Sunday in New York, Beyond the Fringe",Beyond the Fringe,Beyond the Fringe,Beyond the Fringe,Wait a Minim!,"After the Rain, Brief Lives","Carry Me Back to Morningside Heights, The Exercise",The Exercise,Bob and Ray—The Two and Only,"You're a Good Man, Charlie Brown",Sticks and Bones,Sticks and Bones,Sticks and Bones,"Hughie and Duet, P. S. Your Cat Is Dead!, Kennedy's Children",Going Up,"Dirty Linen & New-Found-Land, The Gin Game",The Gin Game,Murder at the Howard Johnson's,"Watch on the Rhine, A Day in Hollywood / A Night in the Ukraine, Tintypes",Crimes of the Heart,Crimes of the Heart,"night, Mother",Glengarry Glen Ross,Blood Knot,Blood Knot,"Stepping Out, All My Sons",Juno and the Paycock,Eastern Standard,Eastern Standard,Eastern Standard,Falsettos,Falsettos,Falsettos,Master Class,Master Class,Master Class,"The Chairs, Side Man",Side Man,Side Man,Stones in His Pockets,"The Goat, or Who is Sylvia?","Vincent in Brixton, Avenue Q",Avenue Q,Avenue Q,Avenue Q,Avenue Q,Avenue Q,Oleanna,"Red, Driving Miss Daisy","The Normal Heart, Seminar",Seminar,"Vanya and Sonia and Masha and Spike, A Time to Kill","Mothers and Sons, A Delicate Balance","Skylight, The Gin Game",Eclipsed,"A Doll's House, Part 2","Three Tall Women, The Waverly Galler","Hillary and Clinton, Slave Play",Slave Play,Thoughts of a Colored Man,"Hangmen, Topdog/Underdog","Prima Facie, The Shark Is Broken"
Majestic Theatre,3,1,0.85, , , , , , , , , , , , , , , , , , , , , , , , ,Rang Tang,Rio Rita,Rio Rita,Artists and Models,"The Student Prince, Simple Simon",The Round Up,"Pardon My English, The Bohemian Girl, The Pirates of Penzance, The Yeomen of the Guard",Gilbert and Sullivan Series, ,"Gilbert and Sullivan Series, At Home Abroad, On Your Toes","The Masque of Kings, The Bat, The Cat and the Canary, Babes in Arms",Babes in Arms,Babes in Arms,Margin for Error,Hellzapoppin,"Porgy and Bess, Native Son","Junior Miss, The Merry Widow",Mexican Hayride,Carousel,Oedipus Rex,"The Mayor of Zalamea, Alice in Wonderland, Call Me Mister, Allegro",Inside U.S.A.,"Carousel, South Pacific",South Pacific,South Pacific,South Pacific,Me and Juliet,"By the Beautiful Sea, Fanny",Fanny,Happy Hunting,The Music Man,The Music Man,The Music Man,Camelot,Camelot,Camelot,"The School for Scandal, Hot Spot, Tovarich, Jennie","Anyone Can Whistle, A Funny Thing Happened on the Way to the Forum, Golden Boy",Golden Boy,"Funny Girl, Breakfast at Tiffany's","Marat/Sade, Fiddler on the Roof",Fiddler on the Roof,Fiddler on the Roof,"Lovely Ladies, Kind Gentlemen",1776,Sugar,A Little Night Music,Mack & Mabel,The Wiz,The Wiz,The Act,"First Monday in October, Ballroom","I Remember Mama, The Most Happy Fella, Bette! Divine Madness","Grease, Blackstone! The Magnificent Musical Magic Show, Brigadoon",42nd Street,42nd Street,42nd Street,42nd Street,42nd Street,42nd Street,42nd Street,The Phantom of the Opera,The Phantom of the Opera,The Phantom of the Opera,The Phantom of the Opera,The Phantom of the Opera,The Phantom of the Opera,The Phantom of the Opera,The Phantom of the Opera,The Phantom of the Opera,The Phantom of the Opera,The Phantom of the Opera,The Phantom of the Opera,The Phantom of the Opera,The Phantom of the Opera,The Phantom of the Opera,The Phantom of the Opera,The Phantom of the Opera,The Phantom of the Opera,The Phantom of the Opera,The Phantom of the Opera,The Phantom of the Opera,The Phantom of the Opera,The Phantom of the Opera,The Phantom of the Opera,The Phantom of the Opera,The Phantom of the Opera,The Phantom of the Opera,The Phantom of the Opera,The Phantom of the Opera,The Phantom of the Opera,The Phantom of the Opera,The Phantom of the Opera,The Phantom of the Opera,The Phantom of the Opera,The Phantom of the Opera,The Phantom of the Opera
Neil Simon Theatre,3,2,0.58, , , , , , , , , , , , , , , , , , , , , , , , ,Funny Face,Treasure Girl,Spring Is Here,Girl Crazy,Girl Crazy,"Mourning Becomes Electra, Music in the Air","Uncle Tom's Cabin, Mary of Scotland",Anything Goes,Porgy and Bess,"Red, Hot and Blue",I'd Rather Be Right,The Boys from Syracuse,"George White's Scandals, Very Warm for May","The Taming of the Shrew, There Shall Be No Night",Lady in the Dark,Angna Enters,Something for the Boys,"Jackpot, The Maid as Mistress/The Secret of Suzanne, Sadie Thompson","The Tempest, The Firebrand of Florence, Hollywood Pinafore, Billion Dollar Baby","A Flag Is Born, Joan of Lorraine, Cyrano de Bergerac","Life with Father, Man and Superman",Mister Roberts,Mister Roberts,Mister Roberts,"Darkness at Noon, A Tree Grows in Brooklyn, Point of No Return",Two's Company,Kind Sir,"The Golden Apple, House of Flowers",No Time for Sergeants,No Time for Sergeants,Rumple,"Oh, Captain!, Jerome Robbins' Ballet: U.S.A., Bells Are Ringing","First Impressions, Once Upon a Mattress","Greenwillow, Les Ballets Africains, West Side Story, Wildcat",Irma La Douce,A Funny Thing Happened on the Way to the Forum,A Funny Thing Happened on the Way to the Forum,High Spirits,"Maurice Chevalier at 77, Flora the Red Menace, The Yearling","It's a Bird... It's a Plane... It's Superman, Dinner At Eight","Sherry!, Rosencrantz and Guildenstern Are Dead","The Education of H*Y*M*A*N K*A*P*L*A*N, The Great White Hope",The Great White Hope,Company,Company,Company,Molly,The Freedom of the City,Shenandoah,Shenandoah,Annie,Annie,Annie,Annie,Merrily We Roll Along,"The Little Prince and the Aviator, Little Johnny Jones, Do Black Patent Leather Shoes Really Reflect Up?, Seven Brides for Seven Brothers, Your Arms Too Short to Box with God",Brighton Beach Memoirs,Brighton Beach Memoirs,Biloxi Blues,Into the Light,"Blithe Spirit, Mort Sahl on Broadway!, Breaking the Code","Long Day's Journey into Night, Ah, Wilderness!, Kenny Loggins on Broadway",Orpheus Descending,Jackie Mason: Brand New,Jackie Mason: Brand New,Jake's Women,Cyrano: The Musical,"The Rise and Fall of Little Voice, Basia on Broadway","Laurie Anderson on Broadway: The Nerve Bible, Danny Gans on Broadway: The Man of Many Voices",The King and I,The King and I,"A View from the Bridge, Swan Lake","Natalie Merchant, The Scarlet Pimpernel",The Music Man,The Music Man,"Elaine Stritch at Liberty, Hairspray",Hairspray,Hairspray,Hairspray,Hairspray,Hairspray,Hairspray,Ragtime,"Harry Connick Jr.: In Concert on Broadway, Rain: A Tribute to the Beatles",Catch Me If You Can,"Jesus Christ Superstar, Scandalous",Big Fish,"All the Way, The Last Ship","Gigi, The Illusionists: Live on Broadway",Cats,Cats,"Angels in America, The Cher Show",The Illusionists: Magic of the Holidays, , ,MJ the Musical,MJ the Musical
Studio 54,3,3,0.98, , , , , , , , , , , , , , , , , , , , , , , , ,"Thirteen operas presented by the San Carlo Company, Electra, Juno and the Paycock",A Tailor-Made Man,A Tailor-Made Man,Electra,Young Sinners,Young Sinners, , , , ,The Swing Mikado, , , , , , , , , , , , , , , , , , , , , , , , , , , , , , , , , , , , , , , , , , , , , , , , , , , , , , , , , , , , ,Cabaret,Cabaret,Cabaret,Cabaret,Cabaret,Cabaret,"Assassins, Pacific Overtures","A Streetcar Named Desire, A Touch of the Poet","The Threepenny Opera, The Apple Tree","110 in the Shade, The Ritz","Sunday in the Park with George, Pal Joey","Waiting for Godot, Wishful Drinking","Sondheim on Sondheim, Brief Encounter",The People in the Picture,"Harvey, The Mystery of Edwin Drood",The Mystery of Edwin Drood,Cabaret,"An Act of Go, Therese Raquin","She Loves Me, Holiday Inn","Sweat, Latin History for Morons","Children of a Lesser God, The Lifespan of a Fact","Kiss Me, Kate, The Sound Inside", ,"Caroline, or Change",The Minutes,Pictures from Home
St. James Theatre,3,4,0.86, , , , , , , , , , , , , , , , , , , , , , , , , ,"She Stoops to Conquer, Diplomacy",Diplomacy,"The Rivals, Fine and Dandy","Gilbert and Sullivan Series (eight unique productions), The Merry Widow, The Chocolate Soldier, The Geisha, The Chimes of Normandy, Naughty Marietta, The Firefly","The Gondoliers, Robin Hood, Walk a Little Faster","Gilbert and Sullivan Series (five productions), Ballet Russe de Monte-Carlo","The Chocolate Soldier, Thumbs Up!",May Wine,Love from a Stranger,"Richard II, Father Malachy's Miracle",Hamlet,"King Henry IV, Part 1","Earl Carroll's Vanities, Twelfth Night","Native Son, Pal Joey","Gilbert and Sullivan Series (ten productions), Claudia, Without Love",Oklahoma!,Oklahoma!,Oklahoma!,Oklahoma!,Oklahoma!,Where's Charley?,Where's Charley?,Peter Pan,"Gilbert and Sullivan Series (six productions), The King and I",The King and I,The King and I,The Pajama Game,The Pajama Game,Li'l Abner,Li'l Abner,Flower Drum Song,Flower Drum Song,"Once Upon a Mattress, Becket, Do Re Mi",Subways Are for Sleeping,Mr. President,Luther,"Hello, Dolly!","Hello, Dolly!","Hello, Dolly!","Hello, Dolly!","Hello, Dolly!","Hello, Dolly!",1776,Two Gentlemen of Verona,Two Gentlemen of Verona,A Streetcar Named Desire,Good News,The Misanthrope,"My Fair Lady, Music Is",Vieux Carre,On the Twentieth Century,"Carmelina, The 1940's Radio Hour","Filumena, Barnum",Barnum,"Rock 'N Roll! The First 5,000 Years",My One and Only,My One and Only,Jerry's Girls,Jerry's Girls,42nd Street,42nd Street,Gypsy,Gypsy,The Secret Garden,The Secret Garden,The Who's Tommy,The Who's Tommy,The Who's Tommy,A Funny Thing Happened on the Way to the Forum,A Funny Thing Happened on the Way to the Forum,"Patti LaBelle on Broadway, High Society","The Civil War, Swing!",Swing!,The Producers,The Producers,The Producers,The Producers,The Producers,The Producers,Dr. Seuss' How the Grinch Stole Christmas!,Gypsy,"Desire Under the Elms, Finian's Rainbow",American Idiot,"Hair, On a Clear Day You Can See Forever","Leap of Faith, Bring It On: The Musical","Barry Manilow – ""Manilow on Broadway: Live at the St. James"", Let It Be","Bullets Over Broadway, Side Show",Something Rotten!,Something Rotten!,Present Laughter,Frozen,Frozen,Frozen,"Springsteen on Broadway, David Byrne's American Utopia",Into the Woods,"New York, New York"
Ethel Barrymore Theatre,3,5,0.32, , , , , , , , , , , , , , , , , , , , , , , , , , ,Death Takes a Holiday,"Topaze, The Truth Game, Scarlet Sister Mary","Melo, The School for Scandal","There's Always Juliet, Gay Divorce",Design for Living,"Both Your Houses, Ruth Draper","Point Valaine, Othello, Macbeth","Bury the Dead, Night Must Fall, The Women",The Women,Knickerbocker Holiday,"No Time for Comedy, Key Largo",Pal Joey,Best Foot Forward,R.U.R.,Three Sisters,Three Sisters,"Rebecca, The Barretts of Wimpole Street, Marinka-Pygmalion","The Duchess of Malfi, Cyrano de Bergerac","The Telephone/The Medium, A Streetcar Named Desire",A Streetcar Named Desire,The Rat Race,"The Consul, Bell, Book and Candle",The Fourposter,I've Got Sixpence,"Misalliance, Tea and Sympathy",Tea and Sympathy,"The Desperate Hours, Marcel Marceau, The Chalk Garden",The Chalk Garden,"Small War on Murray Hill, Waiting for Godot, Look Homeward, Angel","Look Homeward, Angel","A Raisin in the Sun, A Majority of One","The Hostage, Critic's Choice",The Complaisant Lover,Moby-Dick,Moby-Dick,The Passion of Josef D.,The Amen Corner,"Wait Until Dark, We Have Always Lived in the Castle, Les Ballets Africains","Black Comedy/White Lies, The Little Foxes","Don't Drink the Water, The Seven Descents of Myrtle, Happiness Is Just a Little Thing Called a Rolls Royce, The Goodbye People",The Front Page,Conduct Unbecoming,"The Philanthropist, Ain't Supposed to Die a Natural Death","Captain Brassbound's Conversion, Don't Play Us Cheap","The Visit, Holiday","A Song at Twilight, Come Into the Garden, Maud","The Night That Made America Famous, Travesties","Legend, Poor Murderer","American Buffalo, I Love My Wife",I Love My Wife,Romantic Comedy,Romantic Comedy,The West Side Waltz,"Is There Life After High School?, Foxfire",Baby,Hurlyburly,Hurlyburly,Social Security,Social Security,"Joe Turner's Come and Gone, The Secret Rapture",Rumors,Lettice and Lovage,Mule Bone,A Streetcar Named Desire,The Sisters Rosensweig,The Sisters Rosensweig,Indiscretions,An Ideal Husband,The Life,Electra,"Amy's View, Putting It Together","The Real Thing, The Tale of the Allergist's Wife",The Tale of the Allergist's Wife,Imaginary Friends,Salome,Sly Fox,The Glass Menagerie,"Ring of Fire, Company",Red Carpet Massacre,"November, Speed-the-Plow","Exit the King, Race",Elling,"Arcadia, An Evening with Patti LuPone and Mandy Patinkin","Death of a Salesman, Chaplin","Macbeth, Betrayal","A Raisin in the Sun, The Curious Incident of the Dog in the Night-Time",The Curious Incident of the Dog in the Night-Time,"Alton Brown Live: Eat Your Science, The Present","Six Degrees of Separation, The Band's Visit",The Band's Visit,The Inheritance,The Inheritance,Waitress,"Paradise Square, The Piano Lesson","Peter Pan Goes Wrong, El Mago Pop, Harmony: A New Musical"
Broadway Theatre,3,6,0.34, , , , , , , , , , , , , , , , , , , , , , , , , , , ,The New Yorkers,The New Yorkers,"Troilus and Cressida, Earl Carroll's Vanities",Earl Carroll's Vanities,Earl Carroll's Vanities, , , , , ,"Too Many Girls, Mamba's Daughters", ,"This Is The Army, Ballet Imperial, The Fair at Sorochinsk, La Vie Parisienne, My Sister Eileen","Lady in the Dark, The Student Prince, Artists and Models, Carmen Jones",Carmen Jones,"The Tempest, Memphis Bound!, Up in Central Park","Song of Norway, A Flag Is Born, Beggar's Holiday",Beggar's Holiday,"The Cradle Will Rock, Four productions by the Habimah Players, High Button Shoes","Cabalgata, As the Girls Go",Katherine Dunham and Her Company,"Where's Charley?, The Green Pastures, Oklahoma!, Diamond Lil","Kiss Me, Kate, Four Saints in Three Acts, Shuffle Along",South Pacific,The Saint of Bleecker Street,The Saint of Bleecker Street,Mr. Wonderful,"Shinbone Alley, The Most Happy Fella","The Body Beautiful, Three productions by The Old Vic","West Side Story, Gypsy",The Music Man,"Fiorello!, Kean","My Fair Lady, I Can Get It for You Wholesale","Tovarich, The Girl Who Came to Supper",The Girl Who Came to Supper,"Baker Street, The Devils","A Time for Singing, Annie Get Your Gun, Funny Girl",Funny Girl,"The Happy Time, Cabaret",Mame,"Purlie, Fiddler on the Roof",Fiddler on the Roof,Dude,Dude,Candide,Candide,Guys and Dolls,"Nana Mouskouri on Broadway, The Wiz",The Wiz,Evita,Evita,Evita,Evita,Zorba,The Three Musketeers,The King and I,Big Deal,Les Miserables,Les Miserables,Les Miserables,Les Miserables,Miss Saigon,Miss Saigon,Miss Saigon,Miss Saigon,Miss Saigon,Miss Saigon,Miss Saigon,Miss Saigon,Miss Saigon,Miss Saigon,Blast!,"Robin Williams: Live on Broadway, La Boheme",La Boheme,Bombay Dreams,The Color Purple,The Color Purple,The Color Purple,"Cirque Dreams, Shrek The Musical",Shrek The Musical,"Promises, Promises",Sister Act,Frankie Valli and the Four Seasons on Broadway,Cinderella,Cinderella,"Doctor Zhivago, Fiddler on the Roof",Fiddler on the Roof,Miss Saigon,King Kong,King Kong,West Side Story,West Side Story,The Little Prince,Here Lies Love
Vivian Beaumont Theater,3,7,0.86, , , , , , , , , , , , , , , , , , , , , , , , , , , , , , , , , , , , , , , , , , , , , , , , , , , , , , , , , , , , , , ,"Danton's Death, The Country Wife","The Condemned of Altona, The Caucasian Chalk Circle, The Alchemist, Yerma","Galileo, The Unknown Soldier and His Wife, The Little Foxes","Saint Joan, Tiger at the Gates, Cyrano de Bergerac, The Three Musketeers, George Dandin, Tartuffe, Lovers, King Lear, A Cry of Players","The Miser, The Time of Your Life","Camino Real, Operation Sidewinder, Beggar on Horseback, The Good Woman of Setzuan","The Playboy of the Western World, An Enemy of the People, Antigone, Mary Stuart","Narrow Road to the Deep North, Twelfth Night, The Crucible, Man of La Mancha, Enemies","The Plough and the Stars, The Merchant of Venice, A Streetcar Named Desire, In the Boom Boom Room",Short Eyes,"Black Picture Show, A Doll's House, Trelawny of the ""Wells"", Hamlet","Mrs. Warren's Profession, The Threepenny Opera","The Cherry Orchard, Agamemnon",Agamemnon,Agamemnon,The Philadelphia Story,"Macbeth, The Floating Light Bulb",The Floating Light Bulb,La Tragedie de Carmen,Oedipus Rex,Oedipus Rex,"The Flying Karamazov Brothers, The House of Blue Leaves, The Front Page","Death and the King's Horseman, The Comedy of Errors, Anything Goes",Anything Goes,The Tenth Man,"Some Americans Abroad, Six Degrees of Separation",Monster in a Box,My Favorite Year,"Abe Lincoln in Illinois, Gray's Anatomy",Carousel,"Arcadia, Racing Demon",Juan Darien: A Carnival Mass,"The Little Foxes, Ivanov","Ah, Wilderness!, Twelfth Night, Parade","It Ain't Nothin' But the Blues, Marie Christine",Contact,QED,Dinner at Eight,"Henry IV, Part 1 and Part 2","King Lear, The Frogs, The Rivals",The Light in the Piazza,The Coast of Utopia,Cymbeline,South Pacific,South Pacific,A Free Man of Color,War Horse,War Horse,Macbeth,Act One,The King and I,The King and I,"Oslo, Junk",My Fair Lady,My Fair Lady,My Fair Lady,Flying Over Sunset,"The Skin of Our Teeth, Mike Birbiglia: The Old Man and the Pool",Camelot
Palace Theatre,3,8,0.97, , , , , , , , , , , , , , , , , , , , , , , , , , , , , , , , , , , , , , , , , , , , , , , , , , , , , , , , , , , , , , , ,Sweet Charity,"Henry, Sweet Henry",George M!,George M!,Applause,Applause,Applause,Cyrano,Lorelei,Goodtime Charley,"Home Sweet Homer, Shirley MacLaine Live at the Palace, An Evening with Diana Ross",Man of La Mancha,Man of La Mancha,"The Grand Tour, Beatlemania, Oklahoma!",Oklahoma!,Woman of the Year,Woman of the Year,La Cage aux Folles,La Cage aux Folles,La Cage aux Folles,La Cage aux Folles,La Cage aux Folles, , , ,The Will Rogers Follies,The Will Rogers Follies,The Will Rogers Follies,Beauty and the Beast,Beauty and the Beast,Beauty and the Beast,Beauty and the Beast,Beauty and the Beast,Minnelli on Minnelli: Live at the Palace,Aida,Aida,Aida,Aida,Aida,All Shook Up,Lestat,Legally Blonde,Liza's at The Palace....,West Side Story,West Side Story,Priscilla Queen of the Desert,Annie,Annie,"Holler If Ya Hear Me, The Temptations and the Four Tops on Broadway",An American in Paris,The Illusionists: Turn of the Century,"Sunset Boulevard, SpongeBob SquarePants",SpongeBob SquarePants, , , , , 
Circle in the Square Theatre,3,9,0.22, , , , , , , , , , , , , , , , , , , , , , , , , , , , , , , , , , , , , , , , , , , , , , , , , , , , , , , , , , , , , , , , , , , , , ,Mourning Becomes Electra,"Medea, Uncle Vanya, The Waltz of the Toreadors, The Iceman Cometh","Scapino, The National Health, Where's Charley?","All God's Chillun Got Wings, Death of a Salesman, Ah, Wilderness!, The Glass Menagerie","Geraldine Fitzgerald in Songs of the Street, The Lady from the Sea, Pal Joey, The Night of the Iguana","Romeo and Juliet, The Importance of Being Earnest, Tartuffe, Saint Joan","13 Rue de l'Amour, Once in a Lifetime, The Inspector General, Man and Superman",Man and Superman,"Major Barbara, The Man Who Came to Dinner, The Bacchae, John Gabriel Borkman","The Father, Candida","Macbeth, Present Laughter","The Misanthrope, The Caine Mutiny Court-Martial, Heartbreak House","Awake and Sing, Design for Living","Arms and the Man, The Marriage of Figaro, The Robert Klein Show!","The Caretaker, You Never Can Tell",Coastal Disturbances,"A Streetcar Named Desire, An Evening with Robert Klein, The Night of the Iguana, The Devil's Disciple","Ghetto, Sweeney Todd",The Miser,"Taking Step, Getting Married, On Borrowed Time","Salome, Anna Karenina",Three productions by Thornton Wilder,The Shadow Box,"Uncle Vanya, The Rose Tattoo, Garden District, Holiday","Bus Stop, Tartuffe, Hughie",Stanley,Stanley,Not About Nightingales,"True West, The Rocky Horror Show",The Rocky Horror Show,Metamorphoses,Life (x),Frozen,The 25th Annual Putnam County Spelling Bee,The 25th Annual Putnam County Spelling Bee,The 25th Annual Putnam County Spelling Bee,Glory Days,The Norman Conquests,"The Miracle Worker, Lombardi",Godspell,Godspell,Soul Doctor,"Bronx Bombers, Lady Day at Emerson's Bar and Grill, The River",Fun Home,In Transit,Once on This Island,Once on This Island,Oklahoma!,Oklahoma!,Chicken & Biscuits,"American Buffalo, KPOP", 
Gershwin Theatre,3,10,0.96, , , , , , , , , , , , , , , , , , , , , , , , , , , , , , , , , , , , , , , , , , , , , , , , , , , , , , , , , , , , , , , , , , , , , ,Via Galactica,"Seesaw, The Desert Song, Gigi","Sammy Davis Jr., Mott the Hoople, Enrico Macias and his La Fete Orientale Co., Andy Williams with Michel Legrand, Anthony Newley, Henry Mancini, Johnny Mathis and the Miracles, The 5th Dimension, Raphael","Frank Sinatra, Ella Fitzgerald, and Count Basie, Treemonisha, Fonteyn & Nureyev on Broadway, Paul Anka, American Ballet Theatre","H.M.S. Pinafore, The Pirates of Penzance, The Mikado, Al Green with Ashford & Simpson, Porgy and Bess, Bing Crosby, Barry Manilow","Nureyev, Bejart: Ballet of the Twentieth Century, The King and I",The King and I,Sweeney Todd: The Demon Barber of Fleet Street,"Dance Theatre of Harlem, The Bat, Coppelia, Makarova and Company, Boston Ballet Company","The Pirates of Penzance, My Fair Lady, Annie",Annie,"Show Boat, Mame","Shirley MacLaine on Broadway, Twyla Tharp Dance on Broadway, Nureyev and Friends, Gladys Knight & the Pips & Kashif, Much Ado About Nothing, Cyrano de Bergerac","Patti LaBelle on Broadway, An Evening with Smokey Robinson, Singin' in the Rain",Singin' in the Rain,Starlight Express,Starlight Express,"Barry Manilow Live on Broadway, Meet Me in St. Louis","Bugs Bunny on Broadway, Fiddler on the Roof",Moscow Circus,"Grand Hotel, Tommy Tune Tonite!","Raffi, Yanni, Camelot, The Red Shoes",Show Boat,Show Boat,Show Boat,"Men Are from Mars, Women Are from Venus, Candide, 1776",On the Town,"Peter Pan, Tango Argentino",Riverdance on Broadway,Linda Eder at the Gershwin,Oklahoma!,Wicked,Wicked,Wicked,Wicked,Wicked,Wicked,Wicked,Wicked,Wicked,Wicked,Wicked,Wicked,Wicked,Wicked,Wicked,Wicked,Wicked,Wicked,Wicked,Wicked,Wicked
Minskoff Theatre,3,11,0.69, , , , , , , , , , , , , , , , , , , , , , , , , , , , , , , , , , , , , , , , , , , , , , , , , , , , , , , , , , , , , , , , , , , , , , ,Irene,"Charles Aznavour on Broadway, Tony & Lena Sing","Bette Midler's Clams on the Half Shell Revue, Hello, Dolly!","Rockabye Hamlet, Debbie, Dutch National Ballet","Merce Cunningham Dance Company, Pippin, Cleo on Broadway","Dutch National Ballet, Angel, King of Hearts","Bejart: Ballet of the Twentieth Century, Shirley Bassey on Broadway, Engelbert on Broadway",West Side Story,"Miss Universe 1981, Can-Can, The Pirates of Penzance",The Pirates of Penzance,"Dance a Little Closer, Marilyn: An American Fable",The Tap Dance Kid,The Tap Dance Kid,"Patti LaBelle, Peter, Paul & Mary ""From Bleecker to Broadway"", The Temptations and The Four Tops, Sweet Charity",Teddy & Alice,Cabaret,Black and Blue,Black and Blue,Peter Pan,Metro,Joseph and the Amazing Technicolor Dreamcoat,Sunset Boulevard,Sunset Boulevard,Sunset Boulevard,The Scarlet Pimpernel,The Scarlet Pimpernel,Saturday Night Fever,Saturday Night Fever,The Adventures of Tom Sawyer,Dance of the Vampires,Dance of the Vampires,Fiddler on the Roof,Fiddler on the Roof,The Lion King,The Lion King,The Lion King,The Lion King,The Lion King,The Lion King,The Lion King,The Lion King,The Lion King,The Lion King,The Lion King,The Lion King,The Lion King,The Lion King,The Lion King,The Lion King,The Lion King,The Lion King
Marquis Theatre,3,12,0.06, , , , , , , , , , , , , , , , , , , , , , , , , , , , , , , , , , , , , , , , , , , , , , , , , , , , , , , , , , , , , , , , , , , , , , , , , , , , , , , , , , , ,"Shirley Bassey, Me and My Girl",Me and My Girl,Me and My Girl,Me and My Girl,Shogun: The Musical,"Gypsy, Nick & Nora",Man of La Mancha,The Goodbye Girl,Damn Yankees,Victor/Victoria,Victor/Victoria,Victor/Victoria,"The Capeman, Peter Pan",Annie Get Your Gun,Annie Get Your Gun,Annie Get Your Gun,Thoroughly Modern Millie,Thoroughly Modern Millie,La Cage aux Folles,The Woman in White,The Drowsy Chaperone,The Drowsy Chaperone,"Cry-Baby, Irving Berlin's White Christmas","Soul of Shaolin, 9 to 5, Irving Berlin's White Christmas",Come Fly Away,"Wonderland: Alice's New Musical Adventure, Follies",Evita,"Jekyll & Hyde, Il Divo – A Musical Affair: The Greatest Songs of Broadway",The Illusionists: Witness the Impossible,"Penn & Teller on Broadway, On Your Feet!",On Your Feet!,Lewis Black: Black to the Future,"Escape to Margaritaville, The Illusionists — Magic of the Holidays",Tootsie,Tootsie,Tootsie,Beetlejuice,"Jonas Brothers on Broadway, Once Upon a One More Time"
Lyric Theatre,3,13,0.82, , , , , , , , , , , , , , , , , , , , , , , , , , , , , , , , , , , , , , , , , , , , , , , , , , , , , , , , , , , , , , , , , , , , , , , , , , , , , , , , , , , , , , , , , , , , , , , ,Ragtime,Ragtime,Jesus Christ Superstar,42nd Street,42nd Street,42nd Street,42nd Street,Chitty Chitty Bang Bang,"Hot Feet, Dr. Seuss' How the Grinch Stole Christmas!","The Pirate Queen, Young Frankenstein",Young Frankenstein,Young Frankenstein,Young Frankenstein,Spider-Man: Turn Off the Dark,Spider-Man: Turn Off the Dark,Spider-Man: Turn Off the Dark,On the Town,Lord of the Dance: Dangerous Games,Paramour,Paramour,Harry Potter and the Cursed Child,Harry Potter and the Cursed Child,Harry Potter and the Cursed Child,Harry Potter and the Cursed Child,Harry Potter and the Cursed Child,Harry Potter and the Cursed Child